/*
SQLyog Community v8.6 Beta2
MySQL - 5.5.59 : Database - kwswitch
*********************************************************************
*/

/*!40101 SET NAMES utf8 */;

/*!40101 SET SQL_MODE=''*/;

/*!40014 SET @OLD_UNIQUE_CHECKS=@@UNIQUE_CHECKS, UNIQUE_CHECKS=0 */;
/*!40014 SET @OLD_FOREIGN_KEY_CHECKS=@@FOREIGN_KEY_CHECKS, FOREIGN_KEY_CHECKS=0 */;
/*!40101 SET @OLD_SQL_MODE=@@SQL_MODE, SQL_MODE='NO_AUTO_VALUE_ON_ZERO' */;
/*!40111 SET @OLD_SQL_NOTES=@@SQL_NOTES, SQL_NOTES=0 */;
CREATE DATABASE /*!32312 IF NOT EXISTS*/`kwswitch` /*!40100 DEFAULT CHARACTER SET latin1 */;

USE `kwswitch`;

/*Table structure for table `cms_category` */

DROP TABLE IF EXISTS `cms_category`;

CREATE TABLE `cms_category` (
  `category_id` bigint(20) NOT NULL AUTO_INCREMENT COMMENT 'åˆ†ç±»ID',
  `name` varchar(150) NOT NULL COMMENT 'åˆ†ç±»åç§°',
  `description` varchar(255) DEFAULT NULL COMMENT 'åˆ†ç±»æè¿°',
  `order_num` int(11) DEFAULT NULL COMMENT 'åˆ†ç±»æ’åº',
  `del_flag` char(1) DEFAULT '0' COMMENT 'åˆ é™¤æ ‡å¿—ï¼ˆ0ä»£è¡¨å­˜åœ¨ 2ä»£è¡¨åˆ é™¤ï¼‰',
  PRIMARY KEY (`category_id`)
) ENGINE=InnoDB AUTO_INCREMENT=5 DEFAULT CHARSET=utf8;

/*Data for the table `cms_category` */

insert  into `cms_category`(`category_id`,`name`,`description`,`order_num`,`del_flag`) values (1,'é€šçŸ¥å…¬å‘Š',NULL,1,'0'),(2,'æ–°é—»èµ„è®¯',NULL,2,'0'),(4,'æ‹›è˜ä¿¡æ¯',NULL,3,'0');

/*Table structure for table `gen_table` */

DROP TABLE IF EXISTS `gen_table`;

CREATE TABLE `gen_table` (
  `table_id` bigint(20) NOT NULL AUTO_INCREMENT COMMENT 'ç¼–å·',
  `table_name` varchar(200) DEFAULT '' COMMENT 'è¡¨åç§°',
  `table_comment` varchar(500) DEFAULT '' COMMENT 'è¡¨æè¿°',
  `class_name` varchar(100) DEFAULT '' COMMENT 'å®ä½“ç±»åç§°',
  `tpl_category` varchar(200) DEFAULT 'crud' COMMENT 'ä½¿ç”¨çš„æ¨¡æ¿ï¼ˆcrudå•è¡¨æ“ä½œ treeæ ‘è¡¨æ“ä½œï¼‰',
  `package_name` varchar(100) DEFAULT NULL COMMENT 'ç”ŸæˆåŒ…è·¯å¾„',
  `module_name` varchar(30) DEFAULT NULL COMMENT 'ç”Ÿæˆæ¨¡å—å',
  `business_name` varchar(30) DEFAULT NULL COMMENT 'ç”Ÿæˆä¸šåŠ¡å',
  `function_name` varchar(50) DEFAULT NULL COMMENT 'ç”ŸæˆåŠŸèƒ½å',
  `function_author` varchar(50) DEFAULT NULL COMMENT 'ç”ŸæˆåŠŸèƒ½ä½œè€…',
  `options` varchar(1000) DEFAULT NULL COMMENT 'å…¶å®ƒç”Ÿæˆé€‰é¡¹',
  `create_by` varchar(64) DEFAULT '' COMMENT 'åˆ›å»ºè€…',
  `create_time` datetime DEFAULT NULL COMMENT 'åˆ›å»ºæ—¶é—´',
  `update_by` varchar(64) DEFAULT '' COMMENT 'æ›´æ–°è€…',
  `update_time` datetime DEFAULT NULL COMMENT 'æ›´æ–°æ—¶é—´',
  `remark` varchar(500) DEFAULT NULL COMMENT 'å¤‡æ³¨',
  PRIMARY KEY (`table_id`)
) ENGINE=InnoDB AUTO_INCREMENT=2 DEFAULT CHARSET=utf8 COMMENT='ä»£ç ç”Ÿæˆä¸šåŠ¡è¡¨';

/*Data for the table `gen_table` */

insert  into `gen_table`(`table_id`,`table_name`,`table_comment`,`class_name`,`tpl_category`,`package_name`,`module_name`,`business_name`,`function_name`,`function_author`,`options`,`create_by`,`create_time`,`update_by`,`update_time`,`remark`) values (1,'kw_switch','ç‰©è”ç½‘å¼€å…³','Switch','crud','com.ruoyi.project.kwswitch','switch','switch','æ™ºèƒ½å¼€å…³','kerwincui','{}','admin','2020-04-23 12:29:42','','2020-04-23 15:21:22',NULL);

/*Table structure for table `gen_table_column` */

DROP TABLE IF EXISTS `gen_table_column`;

CREATE TABLE `gen_table_column` (
  `column_id` bigint(20) NOT NULL AUTO_INCREMENT COMMENT 'ç¼–å·',
  `table_id` varchar(64) DEFAULT NULL COMMENT 'å½’å±è¡¨ç¼–å·',
  `column_name` varchar(200) DEFAULT NULL COMMENT 'åˆ—åç§°',
  `column_comment` varchar(500) DEFAULT NULL COMMENT 'åˆ—æè¿°',
  `column_type` varchar(100) DEFAULT NULL COMMENT 'åˆ—ç±»å‹',
  `java_type` varchar(500) DEFAULT NULL COMMENT 'JAVAç±»å‹',
  `java_field` varchar(200) DEFAULT NULL COMMENT 'JAVAå­—æ®µå',
  `is_pk` char(1) DEFAULT NULL COMMENT 'æ˜¯å¦ä¸»é”®ï¼ˆ1æ˜¯ï¼‰',
  `is_increment` char(1) DEFAULT NULL COMMENT 'æ˜¯å¦è‡ªå¢ï¼ˆ1æ˜¯ï¼‰',
  `is_required` char(1) DEFAULT NULL COMMENT 'æ˜¯å¦å¿…å¡«ï¼ˆ1æ˜¯ï¼‰',
  `is_insert` char(1) DEFAULT NULL COMMENT 'æ˜¯å¦ä¸ºæ’å…¥å­—æ®µï¼ˆ1æ˜¯ï¼‰',
  `is_edit` char(1) DEFAULT NULL COMMENT 'æ˜¯å¦ç¼–è¾‘å­—æ®µï¼ˆ1æ˜¯ï¼‰',
  `is_list` char(1) DEFAULT NULL COMMENT 'æ˜¯å¦åˆ—è¡¨å­—æ®µï¼ˆ1æ˜¯ï¼‰',
  `is_query` char(1) DEFAULT NULL COMMENT 'æ˜¯å¦æŸ¥è¯¢å­—æ®µï¼ˆ1æ˜¯ï¼‰',
  `query_type` varchar(200) DEFAULT 'EQ' COMMENT 'æŸ¥è¯¢æ–¹å¼ï¼ˆç­‰äºã€ä¸ç­‰äºã€å¤§äºã€å°äºã€èŒƒå›´ï¼‰',
  `html_type` varchar(200) DEFAULT NULL COMMENT 'æ˜¾ç¤ºç±»å‹ï¼ˆæ–‡æœ¬æ¡†ã€æ–‡æœ¬åŸŸã€ä¸‹æ‹‰æ¡†ã€å¤é€‰æ¡†ã€å•é€‰æ¡†ã€æ—¥æœŸæ§ä»¶ï¼‰',
  `dict_type` varchar(200) DEFAULT '' COMMENT 'å­—å…¸ç±»å‹',
  `sort` int(11) DEFAULT NULL COMMENT 'æ’åº',
  `create_by` varchar(64) DEFAULT '' COMMENT 'åˆ›å»ºè€…',
  `create_time` datetime DEFAULT NULL COMMENT 'åˆ›å»ºæ—¶é—´',
  `update_by` varchar(64) DEFAULT '' COMMENT 'æ›´æ–°è€…',
  `update_time` datetime DEFAULT NULL COMMENT 'æ›´æ–°æ—¶é—´',
  PRIMARY KEY (`column_id`)
) ENGINE=InnoDB AUTO_INCREMENT=13 DEFAULT CHARSET=utf8 COMMENT='ä»£ç ç”Ÿæˆä¸šåŠ¡è¡¨å­—æ®µ';

/*Data for the table `gen_table_column` */

insert  into `gen_table_column`(`column_id`,`table_id`,`column_name`,`column_comment`,`column_type`,`java_type`,`java_field`,`is_pk`,`is_increment`,`is_required`,`is_insert`,`is_edit`,`is_list`,`is_query`,`query_type`,`html_type`,`dict_type`,`sort`,`create_by`,`create_time`,`update_by`,`update_time`) values (1,'1','device_id','è®¾å¤‡ID','bigint(20)','Long','deviceId','1','1',NULL,'1',NULL,NULL,NULL,'EQ','input','',1,'admin','2020-04-23 12:29:42','','2020-04-23 15:21:22'),(2,'1','device_name','è®¾å¤‡åç§°','varchar(32)','String','deviceName','0','0','1','1','1','1','1','LIKE','input','',2,'admin','2020-04-23 12:29:42','','2020-04-23 15:21:22'),(3,'1','monitor_value','ç›‘æµ‹å€¼','varchar(160)','String','monitorValue','0','0',NULL,'1','1','1',NULL,'EQ','input','',3,'admin','2020-04-23 12:29:42','','2020-04-23 15:21:22'),(4,'1','api_key','APIKEY','varchar(32)','String','apiKey','0','0','1','1','1',NULL,NULL,'EQ','input','',4,'admin','2020-04-23 12:29:42','','2020-04-23 15:21:22'),(5,'1','state','çŠ¶æ€','char(1)','String','state','0','0','1','1','1','1','1','EQ','radio','',5,'admin','2020-04-23 12:29:42','','2020-04-23 15:21:22'),(6,'1','sensor_dict_id','ä¼ æ„Ÿå™¨','bigint(20)','Long','sensorDictId','0','0','1','1','1','1','1','EQ','select','sensor',6,'admin','2020-04-23 12:29:42','','2020-04-23 15:21:22'),(7,'1','category_dict_id','è®¾å¤‡åˆ†ç±»','bigint(20)','Long','categoryDictId','0','0','1','1','1','1','1','EQ','select','device_category',7,'admin','2020-04-23 12:29:42','','2020-04-23 15:21:22'),(8,'1','create_time','æ·»åŠ æ—¶é—´','datetime','Date','createTime','0','0','1','1',NULL,NULL,'1','BETWEEN','datetime','',8,'admin','2020-04-23 12:29:42','','2020-04-23 15:21:22'),(9,'1','user_id','ç”¨æˆ·ID','bigint(20)','Long','userId','0','0','1','1',NULL,NULL,'1','EQ','input','',9,'admin','2020-04-23 12:29:42','','2020-04-23 15:21:22'),(10,'1','user_name','ç”¨æˆ·æ˜µç§°','varchar(64)','String','userName','0','0','1','1',NULL,'1','1','LIKE','input','',10,'admin','2020-04-23 12:29:42','','2020-04-23 15:21:22'),(11,'1','remark','è®¾å¤‡ç®€ä»‹','varchar(255)','String','remark','0','0',NULL,'1','1','1',NULL,'EQ','textarea','',11,'admin','2020-04-23 12:29:42','','2020-04-23 15:21:22'),(12,'1','del_flg','åˆ é™¤æ ‡è¯†','char(1)','String','delFlg','0','0','1','1','1',NULL,NULL,'EQ','input','',12,'admin','2020-04-23 12:29:42','','2020-04-23 15:21:22');

/*Table structure for table `qrtz_blob_triggers` */

DROP TABLE IF EXISTS `qrtz_blob_triggers`;

CREATE TABLE `qrtz_blob_triggers` (
  `sched_name` varchar(120) NOT NULL,
  `trigger_name` varchar(200) NOT NULL,
  `trigger_group` varchar(200) NOT NULL,
  `blob_data` blob,
  PRIMARY KEY (`sched_name`,`trigger_name`,`trigger_group`),
  CONSTRAINT `QRTZ_BLOB_TRIGGERS_ibfk_1` FOREIGN KEY (`sched_name`, `trigger_name`, `trigger_group`) REFERENCES `qrtz_triggers` (`sched_name`, `trigger_name`, `trigger_group`)
) ENGINE=InnoDB DEFAULT CHARSET=utf8;

/*Data for the table `qrtz_blob_triggers` */

/*Table structure for table `qrtz_calendars` */

DROP TABLE IF EXISTS `qrtz_calendars`;

CREATE TABLE `qrtz_calendars` (
  `sched_name` varchar(120) NOT NULL,
  `calendar_name` varchar(200) NOT NULL,
  `calendar` blob NOT NULL,
  PRIMARY KEY (`sched_name`,`calendar_name`)
) ENGINE=InnoDB DEFAULT CHARSET=utf8;

/*Data for the table `qrtz_calendars` */

/*Table structure for table `qrtz_cron_triggers` */

DROP TABLE IF EXISTS `qrtz_cron_triggers`;

CREATE TABLE `qrtz_cron_triggers` (
  `sched_name` varchar(120) NOT NULL,
  `trigger_name` varchar(200) NOT NULL,
  `trigger_group` varchar(200) NOT NULL,
  `cron_expression` varchar(200) NOT NULL,
  `time_zone_id` varchar(80) DEFAULT NULL,
  PRIMARY KEY (`sched_name`,`trigger_name`,`trigger_group`),
  CONSTRAINT `QRTZ_CRON_TRIGGERS_ibfk_1` FOREIGN KEY (`sched_name`, `trigger_name`, `trigger_group`) REFERENCES `qrtz_triggers` (`sched_name`, `trigger_name`, `trigger_group`)
) ENGINE=InnoDB DEFAULT CHARSET=utf8;

/*Data for the table `qrtz_cron_triggers` */

insert  into `qrtz_cron_triggers`(`sched_name`,`trigger_name`,`trigger_group`,`cron_expression`,`time_zone_id`) values ('RuoyiScheduler','TASK_CLASS_NAME1','DEFAULT','0/10 * * * * ?','Asia/Shanghai'),('RuoyiScheduler','TASK_CLASS_NAME2','DEFAULT','0/15 * * * * ?','Asia/Shanghai'),('RuoyiScheduler','TASK_CLASS_NAME3','DEFAULT','0/20 * * * * ?','Asia/Shanghai');

/*Table structure for table `qrtz_fired_triggers` */

DROP TABLE IF EXISTS `qrtz_fired_triggers`;

CREATE TABLE `qrtz_fired_triggers` (
  `sched_name` varchar(120) NOT NULL,
  `entry_id` varchar(95) NOT NULL,
  `trigger_name` varchar(200) NOT NULL,
  `trigger_group` varchar(200) NOT NULL,
  `instance_name` varchar(200) NOT NULL,
  `fired_time` bigint(13) NOT NULL,
  `sched_time` bigint(13) NOT NULL,
  `priority` int(11) NOT NULL,
  `state` varchar(16) NOT NULL,
  `job_name` varchar(200) DEFAULT NULL,
  `job_group` varchar(200) DEFAULT NULL,
  `is_nonconcurrent` varchar(1) DEFAULT NULL,
  `requests_recovery` varchar(1) DEFAULT NULL,
  PRIMARY KEY (`sched_name`,`entry_id`)
) ENGINE=InnoDB DEFAULT CHARSET=utf8;

/*Data for the table `qrtz_fired_triggers` */

/*Table structure for table `qrtz_job_details` */

DROP TABLE IF EXISTS `qrtz_job_details`;

CREATE TABLE `qrtz_job_details` (
  `sched_name` varchar(120) NOT NULL,
  `job_name` varchar(200) NOT NULL,
  `job_group` varchar(200) NOT NULL,
  `description` varchar(250) DEFAULT NULL,
  `job_class_name` varchar(250) NOT NULL,
  `is_durable` varchar(1) NOT NULL,
  `is_nonconcurrent` varchar(1) NOT NULL,
  `is_update_data` varchar(1) NOT NULL,
  `requests_recovery` varchar(1) NOT NULL,
  `job_data` blob,
  PRIMARY KEY (`sched_name`,`job_name`,`job_group`)
) ENGINE=InnoDB DEFAULT CHARSET=utf8;

/*Data for the table `qrtz_job_details` */

insert  into `qrtz_job_details`(`sched_name`,`job_name`,`job_group`,`description`,`job_class_name`,`is_durable`,`is_nonconcurrent`,`is_update_data`,`requests_recovery`,`job_data`) values ('RuoyiScheduler','TASK_CLASS_NAME1','DEFAULT',NULL,'com.ruoyi.common.utils.job.QuartzDisallowConcurrentExecution','0','1','0','0','¬í\0sr\0org.quartz.JobDataMapŸ°ƒè¿©°Ë\0\0xr\0&org.quartz.utils.StringKeyDirtyFlagMap‚èÃûÅ](\0Z\0allowsTransientDataxr\0org.quartz.utils.DirtyFlagMapæ.­(v\nÎ\0Z\0dirtyL\0mapt\0Ljava/util/Map;xpsr\0java.util.HashMapÚÁÃ`Ñ\0F\0\nloadFactorI\0	thresholdxp?@\0\0\0\0\0w\0\0\0\0\0\0t\0TASK_PROPERTIESsr\0\'com.ruoyi.project.monitor.domain.SysJob\0\0\0\0\0\0\0\0L\0\nconcurrentt\0Ljava/lang/String;L\0cronExpressionq\0~\0	L\0invokeTargetq\0~\0	L\0jobGroupq\0~\0	L\0jobIdt\0Ljava/lang/Long;L\0jobNameq\0~\0	L\0\rmisfirePolicyq\0~\0	L\0statusq\0~\0	xr\0)com.ruoyi.framework.web.domain.BaseEntity\0\0\0\0\0\0\0\0\nL\0	beginTimeq\0~\0	L\0createByq\0~\0	L\0\ncreateTimet\0Ljava/util/Date;L\0	dataScopeq\0~\0	L\0endTimeq\0~\0	L\0paramsq\0~\0L\0remarkq\0~\0	L\0searchValueq\0~\0	L\0updateByq\0~\0	L\0\nupdateTimeq\0~\0xppt\0adminsr\0java.util.DatehjKYt\0\0xpw\0\0b,Ş)àxpppt\0\0pppt\01t\00/10 * * * * ?t\0ryTask.ryNoParamst\0DEFAULTsr\0java.lang.Long;‹äÌ#ß\0J\0valuexr\0java.lang.Number†¬•”à‹\0\0xp\0\0\0\0\0\0\0t\0ç³»ç»Ÿé»˜è®¤ï¼ˆæ— å‚ï¼‰t\03t\01x\0'),('RuoyiScheduler','TASK_CLASS_NAME2','DEFAULT',NULL,'com.ruoyi.common.utils.job.QuartzDisallowConcurrentExecution','0','1','0','0','¬í\0sr\0org.quartz.JobDataMapŸ°ƒè¿©°Ë\0\0xr\0&org.quartz.utils.StringKeyDirtyFlagMap‚èÃûÅ](\0Z\0allowsTransientDataxr\0org.quartz.utils.DirtyFlagMapæ.­(v\nÎ\0Z\0dirtyL\0mapt\0Ljava/util/Map;xpsr\0java.util.HashMapÚÁÃ`Ñ\0F\0\nloadFactorI\0	thresholdxp?@\0\0\0\0\0w\0\0\0\0\0\0t\0TASK_PROPERTIESsr\0\'com.ruoyi.project.monitor.domain.SysJob\0\0\0\0\0\0\0\0L\0\nconcurrentt\0Ljava/lang/String;L\0cronExpressionq\0~\0	L\0invokeTargetq\0~\0	L\0jobGroupq\0~\0	L\0jobIdt\0Ljava/lang/Long;L\0jobNameq\0~\0	L\0\rmisfirePolicyq\0~\0	L\0statusq\0~\0	xr\0)com.ruoyi.framework.web.domain.BaseEntity\0\0\0\0\0\0\0\0\nL\0	beginTimeq\0~\0	L\0createByq\0~\0	L\0\ncreateTimet\0Ljava/util/Date;L\0	dataScopeq\0~\0	L\0endTimeq\0~\0	L\0paramsq\0~\0L\0remarkq\0~\0	L\0searchValueq\0~\0	L\0updateByq\0~\0	L\0\nupdateTimeq\0~\0xppt\0adminsr\0java.util.DatehjKYt\0\0xpw\0\0b,Ş)àxpppt\0\0pppt\01t\00/15 * * * * ?t\0ryTask.ryParams(\'ry\')t\0DEFAULTsr\0java.lang.Long;‹äÌ#ß\0J\0valuexr\0java.lang.Number†¬•”à‹\0\0xp\0\0\0\0\0\0\0t\0ç³»ç»Ÿé»˜è®¤ï¼ˆæœ‰å‚ï¼‰t\03t\01x\0'),('RuoyiScheduler','TASK_CLASS_NAME3','DEFAULT',NULL,'com.ruoyi.common.utils.job.QuartzDisallowConcurrentExecution','0','1','0','0','¬í\0sr\0org.quartz.JobDataMapŸ°ƒè¿©°Ë\0\0xr\0&org.quartz.utils.StringKeyDirtyFlagMap‚èÃûÅ](\0Z\0allowsTransientDataxr\0org.quartz.utils.DirtyFlagMapæ.­(v\nÎ\0Z\0dirtyL\0mapt\0Ljava/util/Map;xpsr\0java.util.HashMapÚÁÃ`Ñ\0F\0\nloadFactorI\0	thresholdxp?@\0\0\0\0\0w\0\0\0\0\0\0t\0TASK_PROPERTIESsr\0\'com.ruoyi.project.monitor.domain.SysJob\0\0\0\0\0\0\0\0L\0\nconcurrentt\0Ljava/lang/String;L\0cronExpressionq\0~\0	L\0invokeTargetq\0~\0	L\0jobGroupq\0~\0	L\0jobIdt\0Ljava/lang/Long;L\0jobNameq\0~\0	L\0\rmisfirePolicyq\0~\0	L\0statusq\0~\0	xr\0)com.ruoyi.framework.web.domain.BaseEntity\0\0\0\0\0\0\0\0\nL\0	beginTimeq\0~\0	L\0createByq\0~\0	L\0\ncreateTimet\0Ljava/util/Date;L\0	dataScopeq\0~\0	L\0endTimeq\0~\0	L\0paramsq\0~\0L\0remarkq\0~\0	L\0searchValueq\0~\0	L\0updateByq\0~\0	L\0\nupdateTimeq\0~\0xppt\0adminsr\0java.util.DatehjKYt\0\0xpw\0\0b,Ş)àxpppt\0\0pppt\01t\00/20 * * * * ?t\08ryTask.ryMultipleParams(\'ry\', true, 2000L, 316.50D, 100)t\0DEFAULTsr\0java.lang.Long;‹äÌ#ß\0J\0valuexr\0java.lang.Number†¬•”à‹\0\0xp\0\0\0\0\0\0\0t\0ç³»ç»Ÿé»˜è®¤ï¼ˆå¤šå‚ï¼‰t\03t\01x\0');

/*Table structure for table `qrtz_locks` */

DROP TABLE IF EXISTS `qrtz_locks`;

CREATE TABLE `qrtz_locks` (
  `sched_name` varchar(120) NOT NULL,
  `lock_name` varchar(40) NOT NULL,
  PRIMARY KEY (`sched_name`,`lock_name`)
) ENGINE=InnoDB DEFAULT CHARSET=utf8;

/*Data for the table `qrtz_locks` */

insert  into `qrtz_locks`(`sched_name`,`lock_name`) values ('RuoyiScheduler','STATE_ACCESS'),('RuoyiScheduler','TRIGGER_ACCESS');

/*Table structure for table `qrtz_paused_trigger_grps` */

DROP TABLE IF EXISTS `qrtz_paused_trigger_grps`;

CREATE TABLE `qrtz_paused_trigger_grps` (
  `sched_name` varchar(120) NOT NULL,
  `trigger_group` varchar(200) NOT NULL,
  PRIMARY KEY (`sched_name`,`trigger_group`)
) ENGINE=InnoDB DEFAULT CHARSET=utf8;

/*Data for the table `qrtz_paused_trigger_grps` */

/*Table structure for table `qrtz_scheduler_state` */

DROP TABLE IF EXISTS `qrtz_scheduler_state`;

CREATE TABLE `qrtz_scheduler_state` (
  `sched_name` varchar(120) NOT NULL,
  `instance_name` varchar(200) NOT NULL,
  `last_checkin_time` bigint(13) NOT NULL,
  `checkin_interval` bigint(13) NOT NULL,
  PRIMARY KEY (`sched_name`,`instance_name`)
) ENGINE=InnoDB DEFAULT CHARSET=utf8;

/*Data for the table `qrtz_scheduler_state` */

insert  into `qrtz_scheduler_state`(`sched_name`,`instance_name`,`last_checkin_time`,`checkin_interval`) values ('RuoyiScheduler','WIN-KKFPM1D249P1633025058188',1633025985462,15000);

/*Table structure for table `qrtz_simple_triggers` */

DROP TABLE IF EXISTS `qrtz_simple_triggers`;

CREATE TABLE `qrtz_simple_triggers` (
  `sched_name` varchar(120) NOT NULL,
  `trigger_name` varchar(200) NOT NULL,
  `trigger_group` varchar(200) NOT NULL,
  `repeat_count` bigint(7) NOT NULL,
  `repeat_interval` bigint(12) NOT NULL,
  `times_triggered` bigint(10) NOT NULL,
  PRIMARY KEY (`sched_name`,`trigger_name`,`trigger_group`),
  CONSTRAINT `QRTZ_SIMPLE_TRIGGERS_ibfk_1` FOREIGN KEY (`sched_name`, `trigger_name`, `trigger_group`) REFERENCES `qrtz_triggers` (`sched_name`, `trigger_name`, `trigger_group`)
) ENGINE=InnoDB DEFAULT CHARSET=utf8;

/*Data for the table `qrtz_simple_triggers` */

/*Table structure for table `qrtz_simprop_triggers` */

DROP TABLE IF EXISTS `qrtz_simprop_triggers`;

CREATE TABLE `qrtz_simprop_triggers` (
  `sched_name` varchar(120) NOT NULL,
  `trigger_name` varchar(200) NOT NULL,
  `trigger_group` varchar(200) NOT NULL,
  `str_prop_1` varchar(512) DEFAULT NULL,
  `str_prop_2` varchar(512) DEFAULT NULL,
  `str_prop_3` varchar(512) DEFAULT NULL,
  `int_prop_1` int(11) DEFAULT NULL,
  `int_prop_2` int(11) DEFAULT NULL,
  `long_prop_1` bigint(20) DEFAULT NULL,
  `long_prop_2` bigint(20) DEFAULT NULL,
  `dec_prop_1` decimal(13,4) DEFAULT NULL,
  `dec_prop_2` decimal(13,4) DEFAULT NULL,
  `bool_prop_1` varchar(1) DEFAULT NULL,
  `bool_prop_2` varchar(1) DEFAULT NULL,
  PRIMARY KEY (`sched_name`,`trigger_name`,`trigger_group`),
  CONSTRAINT `QRTZ_SIMPROP_TRIGGERS_ibfk_1` FOREIGN KEY (`sched_name`, `trigger_name`, `trigger_group`) REFERENCES `qrtz_triggers` (`sched_name`, `trigger_name`, `trigger_group`)
) ENGINE=InnoDB DEFAULT CHARSET=utf8;

/*Data for the table `qrtz_simprop_triggers` */

/*Table structure for table `qrtz_triggers` */

DROP TABLE IF EXISTS `qrtz_triggers`;

CREATE TABLE `qrtz_triggers` (
  `sched_name` varchar(120) NOT NULL,
  `trigger_name` varchar(200) NOT NULL,
  `trigger_group` varchar(200) NOT NULL,
  `job_name` varchar(200) NOT NULL,
  `job_group` varchar(200) NOT NULL,
  `description` varchar(250) DEFAULT NULL,
  `next_fire_time` bigint(13) DEFAULT NULL,
  `prev_fire_time` bigint(13) DEFAULT NULL,
  `priority` int(11) DEFAULT NULL,
  `trigger_state` varchar(16) NOT NULL,
  `trigger_type` varchar(8) NOT NULL,
  `start_time` bigint(13) NOT NULL,
  `end_time` bigint(13) DEFAULT NULL,
  `calendar_name` varchar(200) DEFAULT NULL,
  `misfire_instr` smallint(2) DEFAULT NULL,
  `job_data` blob,
  PRIMARY KEY (`sched_name`,`trigger_name`,`trigger_group`),
  KEY `sched_name` (`sched_name`,`job_name`,`job_group`),
  CONSTRAINT `QRTZ_TRIGGERS_ibfk_1` FOREIGN KEY (`sched_name`, `job_name`, `job_group`) REFERENCES `qrtz_job_details` (`sched_name`, `job_name`, `job_group`)
) ENGINE=InnoDB DEFAULT CHARSET=utf8;

/*Data for the table `qrtz_triggers` */

insert  into `qrtz_triggers`(`sched_name`,`trigger_name`,`trigger_group`,`job_name`,`job_group`,`description`,`next_fire_time`,`prev_fire_time`,`priority`,`trigger_state`,`trigger_type`,`start_time`,`end_time`,`calendar_name`,`misfire_instr`,`job_data`) values ('RuoyiScheduler','TASK_CLASS_NAME1','DEFAULT','TASK_CLASS_NAME1','DEFAULT',NULL,1633025060000,-1,5,'PAUSED','CRON',1633025059000,0,NULL,2,''),('RuoyiScheduler','TASK_CLASS_NAME2','DEFAULT','TASK_CLASS_NAME2','DEFAULT',NULL,1633025070000,-1,5,'PAUSED','CRON',1633025059000,0,NULL,2,''),('RuoyiScheduler','TASK_CLASS_NAME3','DEFAULT','TASK_CLASS_NAME3','DEFAULT',NULL,1633025060000,-1,5,'PAUSED','CRON',1633025059000,0,NULL,2,'');

/*Table structure for table `sys_config` */

DROP TABLE IF EXISTS `sys_config`;

CREATE TABLE `sys_config` (
  `config_id` int(5) NOT NULL AUTO_INCREMENT COMMENT 'å‚æ•°ä¸»é”®',
  `config_name` varchar(100) DEFAULT '' COMMENT 'å‚æ•°åç§°',
  `config_key` varchar(100) DEFAULT '' COMMENT 'å‚æ•°é”®å',
  `config_value` varchar(500) DEFAULT '' COMMENT 'å‚æ•°é”®å€¼',
  `config_type` char(1) DEFAULT 'N' COMMENT 'ç³»ç»Ÿå†…ç½®ï¼ˆYæ˜¯ Nå¦ï¼‰',
  `create_by` varchar(64) DEFAULT '' COMMENT 'åˆ›å»ºè€…',
  `create_time` datetime DEFAULT NULL COMMENT 'åˆ›å»ºæ—¶é—´',
  `update_by` varchar(64) DEFAULT '' COMMENT 'æ›´æ–°è€…',
  `update_time` datetime DEFAULT NULL COMMENT 'æ›´æ–°æ—¶é—´',
  `remark` varchar(500) DEFAULT NULL COMMENT 'å¤‡æ³¨',
  PRIMARY KEY (`config_id`)
) ENGINE=InnoDB AUTO_INCREMENT=4 DEFAULT CHARSET=utf8 COMMENT='å‚æ•°é…ç½®è¡¨';

/*Data for the table `sys_config` */

insert  into `sys_config`(`config_id`,`config_name`,`config_key`,`config_value`,`config_type`,`create_by`,`create_time`,`update_by`,`update_time`,`remark`) values (1,'ä¸»æ¡†æ¶é¡µ-é»˜è®¤çš®è‚¤æ ·å¼åç§°','sys.index.skinName','skin-blue','Y','admin','2018-03-16 11:33:00','ry','2018-03-16 11:33:00','è“è‰² skin-blueã€ç»¿è‰² skin-greenã€ç´«è‰² skin-purpleã€çº¢è‰² skin-redã€é»„è‰² skin-yellow'),(2,'ç”¨æˆ·ç®¡ç†-è´¦å·åˆå§‹å¯†ç ','sys.user.initPassword','123456','Y','admin','2018-03-16 11:33:00','ry','2018-03-16 11:33:00','åˆå§‹åŒ–å¯†ç  123456'),(3,'ä¸»æ¡†æ¶é¡µ-ä¾§è¾¹æ ä¸»é¢˜','sys.index.sideTheme','theme-dark','Y','admin','2018-03-16 11:33:00','ry','2018-03-16 11:33:00','æ·±è‰²ä¸»é¢˜theme-darkï¼Œæµ…è‰²ä¸»é¢˜theme-light');

/*Table structure for table `sys_dept` */

DROP TABLE IF EXISTS `sys_dept`;

CREATE TABLE `sys_dept` (
  `dept_id` bigint(20) NOT NULL AUTO_INCREMENT COMMENT 'éƒ¨é—¨id',
  `parent_id` bigint(20) DEFAULT '0' COMMENT 'çˆ¶éƒ¨é—¨id',
  `ancestors` varchar(50) DEFAULT '' COMMENT 'ç¥–çº§åˆ—è¡¨',
  `dept_name` varchar(30) DEFAULT '' COMMENT 'éƒ¨é—¨åç§°',
  `order_num` int(4) DEFAULT '0' COMMENT 'æ˜¾ç¤ºé¡ºåº',
  `leader` varchar(20) DEFAULT NULL COMMENT 'è´Ÿè´£äºº',
  `phone` varchar(11) DEFAULT NULL COMMENT 'è”ç³»ç”µè¯',
  `email` varchar(50) DEFAULT NULL COMMENT 'é‚®ç®±',
  `status` char(1) DEFAULT '0' COMMENT 'éƒ¨é—¨çŠ¶æ€ï¼ˆ0æ­£å¸¸ 1åœç”¨ï¼‰',
  `del_flag` char(1) DEFAULT '0' COMMENT 'åˆ é™¤æ ‡å¿—ï¼ˆ0ä»£è¡¨å­˜åœ¨ 2ä»£è¡¨åˆ é™¤ï¼‰',
  `create_by` varchar(64) DEFAULT '' COMMENT 'åˆ›å»ºè€…',
  `create_time` datetime DEFAULT NULL COMMENT 'åˆ›å»ºæ—¶é—´',
  `update_by` varchar(64) DEFAULT '' COMMENT 'æ›´æ–°è€…',
  `update_time` datetime DEFAULT NULL COMMENT 'æ›´æ–°æ—¶é—´',
  PRIMARY KEY (`dept_id`)
) ENGINE=InnoDB AUTO_INCREMENT=110 DEFAULT CHARSET=utf8 COMMENT='éƒ¨é—¨è¡¨';

/*Data for the table `sys_dept` */

insert  into `sys_dept`(`dept_id`,`parent_id`,`ancestors`,`dept_name`,`order_num`,`leader`,`phone`,`email`,`status`,`del_flag`,`create_by`,`create_time`,`update_by`,`update_time`) values (100,0,'0','è‹¥ä¾ç§‘æŠ€',0,'è‹¥ä¾','15888888888','ry@qq.com','0','0','admin','2018-03-16 11:33:00','ry','2018-03-16 11:33:00'),(101,100,'0,100','æ·±åœ³æ€»å…¬å¸',1,'è‹¥ä¾','15888888888','ry@qq.com','0','0','admin','2018-03-16 11:33:00','ry','2018-03-16 11:33:00'),(102,100,'0,100','é•¿æ²™åˆ†å…¬å¸',2,'è‹¥ä¾','15888888888','ry@qq.com','0','0','admin','2018-03-16 11:33:00','ry','2018-03-16 11:33:00'),(103,101,'0,100,101','ç ”å‘éƒ¨é—¨',1,'è‹¥ä¾','15888888888','ry@qq.com','0','0','admin','2018-03-16 11:33:00','ry','2018-03-16 11:33:00'),(104,101,'0,100,101','å¸‚åœºéƒ¨é—¨',2,'è‹¥ä¾','15888888888','ry@qq.com','0','0','admin','2018-03-16 11:33:00','ry','2018-03-16 11:33:00'),(105,101,'0,100,101','æµ‹è¯•éƒ¨é—¨',3,'è‹¥ä¾','15888888888','ry@qq.com','0','0','admin','2018-03-16 11:33:00','ry','2018-03-16 11:33:00'),(106,101,'0,100,101','è´¢åŠ¡éƒ¨é—¨',4,'è‹¥ä¾','15888888888','ry@qq.com','0','0','admin','2018-03-16 11:33:00','ry','2018-03-16 11:33:00'),(107,101,'0,100,101','è¿ç»´éƒ¨é—¨',5,'è‹¥ä¾','15888888888','ry@qq.com','0','0','admin','2018-03-16 11:33:00','ry','2018-03-16 11:33:00'),(108,102,'0,100,102','å¸‚åœºéƒ¨é—¨',1,'è‹¥ä¾','15888888888','ry@qq.com','0','0','admin','2018-03-16 11:33:00','ry','2018-03-16 11:33:00'),(109,102,'0,100,102','è´¢åŠ¡éƒ¨é—¨',2,'è‹¥ä¾','15888888888','ry@qq.com','0','0','admin','2018-03-16 11:33:00','ry','2018-03-16 11:33:00');

/*Table structure for table `sys_dict_data` */

DROP TABLE IF EXISTS `sys_dict_data`;

CREATE TABLE `sys_dict_data` (
  `dict_code` bigint(20) NOT NULL AUTO_INCREMENT COMMENT 'å­—å…¸ç¼–ç ',
  `dict_sort` int(4) DEFAULT '0' COMMENT 'å­—å…¸æ’åº',
  `dict_label` varchar(100) DEFAULT '' COMMENT 'å­—å…¸æ ‡ç­¾',
  `dict_value` varchar(100) DEFAULT '' COMMENT 'å­—å…¸é”®å€¼',
  `dict_type` varchar(100) DEFAULT '' COMMENT 'å­—å…¸ç±»å‹',
  `css_class` varchar(100) DEFAULT NULL COMMENT 'æ ·å¼å±æ€§ï¼ˆå…¶ä»–æ ·å¼æ‰©å±•ï¼‰',
  `list_class` varchar(100) DEFAULT NULL COMMENT 'è¡¨æ ¼å›æ˜¾æ ·å¼',
  `is_default` char(1) DEFAULT 'N' COMMENT 'æ˜¯å¦é»˜è®¤ï¼ˆYæ˜¯ Nå¦ï¼‰',
  `status` char(1) DEFAULT '0' COMMENT 'çŠ¶æ€ï¼ˆ0æ­£å¸¸ 1åœç”¨ï¼‰',
  `create_by` varchar(64) DEFAULT '' COMMENT 'åˆ›å»ºè€…',
  `create_time` datetime DEFAULT NULL COMMENT 'åˆ›å»ºæ—¶é—´',
  `update_by` varchar(64) DEFAULT '' COMMENT 'æ›´æ–°è€…',
  `update_time` datetime DEFAULT NULL COMMENT 'æ›´æ–°æ—¶é—´',
  `remark` varchar(500) DEFAULT NULL COMMENT 'å¤‡æ³¨',
  PRIMARY KEY (`dict_code`)
) ENGINE=InnoDB AUTO_INCREMENT=106 DEFAULT CHARSET=utf8 COMMENT='å­—å…¸æ•°æ®è¡¨';

/*Data for the table `sys_dict_data` */

insert  into `sys_dict_data`(`dict_code`,`dict_sort`,`dict_label`,`dict_value`,`dict_type`,`css_class`,`list_class`,`is_default`,`status`,`create_by`,`create_time`,`update_by`,`update_time`,`remark`) values (1,1,'ç”·','0','sys_user_sex','','','Y','0','admin','2018-03-16 11:33:00','ry','2018-03-16 11:33:00','æ€§åˆ«ç”·'),(2,2,'å¥³','1','sys_user_sex','','','N','0','admin','2018-03-16 11:33:00','ry','2018-03-16 11:33:00','æ€§åˆ«å¥³'),(3,3,'æœªçŸ¥','2','sys_user_sex','','','N','0','admin','2018-03-16 11:33:00','ry','2018-03-16 11:33:00','æ€§åˆ«æœªçŸ¥'),(4,1,'æ˜¾ç¤º','0','sys_show_hide','','primary','Y','0','admin','2018-03-16 11:33:00','ry','2018-03-16 11:33:00','æ˜¾ç¤ºèœå•'),(5,2,'éšè—','1','sys_show_hide','','danger','N','0','admin','2018-03-16 11:33:00','ry','2018-03-16 11:33:00','éšè—èœå•'),(6,1,'æ­£å¸¸','0','sys_normal_disable','','primary','Y','0','admin','2018-03-16 11:33:00','ry','2018-03-16 11:33:00','æ­£å¸¸çŠ¶æ€'),(7,2,'åœç”¨','1','sys_normal_disable','','danger','N','0','admin','2018-03-16 11:33:00','ry','2018-03-16 11:33:00','åœç”¨çŠ¶æ€'),(8,1,'æ­£å¸¸','0','sys_job_status','','primary','Y','0','admin','2018-03-16 11:33:00','ry','2018-03-16 11:33:00','æ­£å¸¸çŠ¶æ€'),(9,2,'æš‚åœ','1','sys_job_status','','danger','N','0','admin','2018-03-16 11:33:00','ry','2018-03-16 11:33:00','åœç”¨çŠ¶æ€'),(10,1,'é»˜è®¤','DEFAULT','sys_job_group','','','Y','0','admin','2018-03-16 11:33:00','ry','2018-03-16 11:33:00','é»˜è®¤åˆ†ç»„'),(11,2,'ç³»ç»Ÿ','SYSTEM','sys_job_group','','','N','0','admin','2018-03-16 11:33:00','ry','2018-03-16 11:33:00','ç³»ç»Ÿåˆ†ç»„'),(12,1,'æ˜¯','Y','sys_yes_no','','primary','Y','0','admin','2018-03-16 11:33:00','ry','2018-03-16 11:33:00','ç³»ç»Ÿé»˜è®¤æ˜¯'),(13,2,'å¦','N','sys_yes_no','','danger','N','0','admin','2018-03-16 11:33:00','ry','2018-03-16 11:33:00','ç³»ç»Ÿé»˜è®¤å¦'),(14,1,'é€šçŸ¥','1','sys_notice_type','','warning','Y','0','admin','2018-03-16 11:33:00','ry','2018-03-16 11:33:00','é€šçŸ¥'),(15,2,'å…¬å‘Š','2','sys_notice_type','','success','N','0','admin','2018-03-16 11:33:00','ry','2018-03-16 11:33:00','å…¬å‘Š'),(16,1,'æ­£å¸¸','0','sys_notice_status','','primary','Y','0','admin','2018-03-16 11:33:00','ry','2018-03-16 11:33:00','æ­£å¸¸çŠ¶æ€'),(17,2,'å…³é—­','1','sys_notice_status','','danger','N','0','admin','2018-03-16 11:33:00','ry','2018-03-16 11:33:00','å…³é—­çŠ¶æ€'),(18,1,'æ–°å¢','1','sys_oper_type','','info','N','0','admin','2018-03-16 11:33:00','ry','2018-03-16 11:33:00','æ–°å¢æ“ä½œ'),(19,2,'ä¿®æ”¹','2','sys_oper_type','','info','N','0','admin','2018-03-16 11:33:00','ry','2018-03-16 11:33:00','ä¿®æ”¹æ“ä½œ'),(20,3,'åˆ é™¤','3','sys_oper_type','','danger','N','0','admin','2018-03-16 11:33:00','ry','2018-03-16 11:33:00','åˆ é™¤æ“ä½œ'),(21,4,'æˆæƒ','4','sys_oper_type','','primary','N','0','admin','2018-03-16 11:33:00','ry','2018-03-16 11:33:00','æˆæƒæ“ä½œ'),(22,5,'å¯¼å‡º','5','sys_oper_type','','warning','N','0','admin','2018-03-16 11:33:00','ry','2018-03-16 11:33:00','å¯¼å‡ºæ“ä½œ'),(23,6,'å¯¼å…¥','6','sys_oper_type','','warning','N','0','admin','2018-03-16 11:33:00','ry','2018-03-16 11:33:00','å¯¼å…¥æ“ä½œ'),(24,7,'å¼ºé€€','7','sys_oper_type','','danger','N','0','admin','2018-03-16 11:33:00','ry','2018-03-16 11:33:00','å¼ºé€€æ“ä½œ'),(25,8,'ç”Ÿæˆä»£ç ','8','sys_oper_type','','warning','N','0','admin','2018-03-16 11:33:00','ry','2018-03-16 11:33:00','ç”Ÿæˆæ“ä½œ'),(26,9,'æ¸…ç©ºæ•°æ®','9','sys_oper_type','','danger','N','0','admin','2018-03-16 11:33:00','ry','2018-03-16 11:33:00','æ¸…ç©ºæ“ä½œ'),(27,1,'æˆåŠŸ','0','sys_common_status','','primary','N','0','admin','2018-03-16 11:33:00','ry','2018-03-16 11:33:00','æ­£å¸¸çŠ¶æ€'),(28,2,'å¤±è´¥','1','sys_common_status','','danger','N','0','admin','2018-03-16 11:33:00','ry','2018-03-16 11:33:00','åœç”¨çŠ¶æ€'),(100,1,'å•è·¯ç»§ç”µå™¨','single_switch','device_category',NULL,NULL,'Y','0','admin','2020-04-23 12:43:03','admin','2020-04-23 12:43:25',NULL),(101,2,'åŒè·¯ç»§ç”µå™¨','double_switch','device_category',NULL,NULL,'N','0','admin','2020-04-23 12:43:18','',NULL,NULL),(102,1,'æ¸©æ¹¿åº¦ä¼ æ„Ÿå™¨','temperature','sensor',NULL,NULL,'Y','0','admin','2020-04-23 12:47:38','',NULL,NULL),(103,2,'åœŸå£¤æ¹¿åº¦ä¼ æ„Ÿå™¨','soil','sensor',NULL,'','N','0','admin','2020-04-23 12:47:38','',NULL,NULL),(104,1,'åœ¨çº¿','1','switch_state',NULL,'','N','0','admin','2020-04-23 12:47:38','',NULL,NULL),(105,2,'ç¦»çº¿','0','switch_state',NULL,'','Y','0','admin','2020-04-23 12:47:38','',NULL,NULL);

/*Table structure for table `sys_dict_type` */

DROP TABLE IF EXISTS `sys_dict_type`;

CREATE TABLE `sys_dict_type` (
  `dict_id` bigint(20) NOT NULL AUTO_INCREMENT COMMENT 'å­—å…¸ä¸»é”®',
  `dict_name` varchar(100) DEFAULT '' COMMENT 'å­—å…¸åç§°',
  `dict_type` varchar(100) DEFAULT '' COMMENT 'å­—å…¸ç±»å‹',
  `status` char(1) DEFAULT '0' COMMENT 'çŠ¶æ€ï¼ˆ0æ­£å¸¸ 1åœç”¨ï¼‰',
  `create_by` varchar(64) DEFAULT '' COMMENT 'åˆ›å»ºè€…',
  `create_time` datetime DEFAULT NULL COMMENT 'åˆ›å»ºæ—¶é—´',
  `update_by` varchar(64) DEFAULT '' COMMENT 'æ›´æ–°è€…',
  `update_time` datetime DEFAULT NULL COMMENT 'æ›´æ–°æ—¶é—´',
  `remark` varchar(500) DEFAULT NULL COMMENT 'å¤‡æ³¨',
  PRIMARY KEY (`dict_id`),
  UNIQUE KEY `dict_type` (`dict_type`)
) ENGINE=InnoDB AUTO_INCREMENT=103 DEFAULT CHARSET=utf8 COMMENT='å­—å…¸ç±»å‹è¡¨';

/*Data for the table `sys_dict_type` */

insert  into `sys_dict_type`(`dict_id`,`dict_name`,`dict_type`,`status`,`create_by`,`create_time`,`update_by`,`update_time`,`remark`) values (1,'ç”¨æˆ·æ€§åˆ«','sys_user_sex','0','admin','2018-03-16 11:33:00','ry','2018-03-16 11:33:00','ç”¨æˆ·æ€§åˆ«åˆ—è¡¨'),(2,'èœå•çŠ¶æ€','sys_show_hide','0','admin','2018-03-16 11:33:00','ry','2018-03-16 11:33:00','èœå•çŠ¶æ€åˆ—è¡¨'),(3,'ç³»ç»Ÿå¼€å…³','sys_normal_disable','0','admin','2018-03-16 11:33:00','ry','2018-03-16 11:33:00','ç³»ç»Ÿå¼€å…³åˆ—è¡¨'),(4,'ä»»åŠ¡çŠ¶æ€','sys_job_status','0','admin','2018-03-16 11:33:00','ry','2018-03-16 11:33:00','ä»»åŠ¡çŠ¶æ€åˆ—è¡¨'),(5,'ä»»åŠ¡åˆ†ç»„','sys_job_group','0','admin','2018-03-16 11:33:00','ry','2018-03-16 11:33:00','ä»»åŠ¡åˆ†ç»„åˆ—è¡¨'),(6,'ç³»ç»Ÿæ˜¯å¦','sys_yes_no','0','admin','2018-03-16 11:33:00','ry','2018-03-16 11:33:00','ç³»ç»Ÿæ˜¯å¦åˆ—è¡¨'),(7,'é€šçŸ¥ç±»å‹','sys_notice_type','0','admin','2018-03-16 11:33:00','ry','2018-03-16 11:33:00','é€šçŸ¥ç±»å‹åˆ—è¡¨'),(8,'é€šçŸ¥çŠ¶æ€','sys_notice_status','0','admin','2018-03-16 11:33:00','ry','2018-03-16 11:33:00','é€šçŸ¥çŠ¶æ€åˆ—è¡¨'),(9,'æ“ä½œç±»å‹','sys_oper_type','0','admin','2018-03-16 11:33:00','ry','2018-03-16 11:33:00','æ“ä½œç±»å‹åˆ—è¡¨'),(10,'ç³»ç»ŸçŠ¶æ€','sys_common_status','0','admin','2018-03-16 11:33:00','ry','2018-03-16 11:33:00','ç™»å½•çŠ¶æ€åˆ—è¡¨'),(100,'è®¾å¤‡åˆ†ç±»','device_category','0','admin','2020-04-23 12:40:17','',NULL,'è®¾å¤‡åˆ†ç±»åˆ—è¡¨'),(101,'ä¼ æ„Ÿå™¨ç±»å‹','sensor','0','admin','2020-04-23 12:46:19','',NULL,'ä¼ æ„Ÿå™¨åˆ—è¡¨'),(102,'å¼€å…³çŠ¶æ€','switch_state','0','admin','2020-04-29 00:31:22','','2020-04-29 00:31:29','å¼€å…³çŠ¶æ€åˆ—è¡¨');

/*Table structure for table `sys_job` */

DROP TABLE IF EXISTS `sys_job`;

CREATE TABLE `sys_job` (
  `job_id` bigint(20) NOT NULL AUTO_INCREMENT COMMENT 'ä»»åŠ¡ID',
  `job_name` varchar(64) NOT NULL DEFAULT '' COMMENT 'ä»»åŠ¡åç§°',
  `job_group` varchar(64) NOT NULL DEFAULT 'DEFAULT' COMMENT 'ä»»åŠ¡ç»„å',
  `invoke_target` varchar(500) NOT NULL COMMENT 'è°ƒç”¨ç›®æ ‡å­—ç¬¦ä¸²',
  `cron_expression` varchar(255) DEFAULT '' COMMENT 'cronæ‰§è¡Œè¡¨è¾¾å¼',
  `misfire_policy` varchar(20) DEFAULT '3' COMMENT 'è®¡åˆ’æ‰§è¡Œé”™è¯¯ç­–ç•¥ï¼ˆ1ç«‹å³æ‰§è¡Œ 2æ‰§è¡Œä¸€æ¬¡ 3æ”¾å¼ƒæ‰§è¡Œï¼‰',
  `concurrent` char(1) DEFAULT '1' COMMENT 'æ˜¯å¦å¹¶å‘æ‰§è¡Œï¼ˆ0å…è®¸ 1ç¦æ­¢ï¼‰',
  `status` char(1) DEFAULT '0' COMMENT 'çŠ¶æ€ï¼ˆ0æ­£å¸¸ 1æš‚åœï¼‰',
  `create_by` varchar(64) DEFAULT '' COMMENT 'åˆ›å»ºè€…',
  `create_time` datetime DEFAULT NULL COMMENT 'åˆ›å»ºæ—¶é—´',
  `update_by` varchar(64) DEFAULT '' COMMENT 'æ›´æ–°è€…',
  `update_time` datetime DEFAULT NULL COMMENT 'æ›´æ–°æ—¶é—´',
  `remark` varchar(500) DEFAULT '' COMMENT 'å¤‡æ³¨ä¿¡æ¯',
  PRIMARY KEY (`job_id`,`job_name`,`job_group`)
) ENGINE=InnoDB AUTO_INCREMENT=4 DEFAULT CHARSET=utf8 COMMENT='å®šæ—¶ä»»åŠ¡è°ƒåº¦è¡¨';

/*Data for the table `sys_job` */

insert  into `sys_job`(`job_id`,`job_name`,`job_group`,`invoke_target`,`cron_expression`,`misfire_policy`,`concurrent`,`status`,`create_by`,`create_time`,`update_by`,`update_time`,`remark`) values (1,'ç³»ç»Ÿé»˜è®¤ï¼ˆæ— å‚ï¼‰','DEFAULT','ryTask.ryNoParams','0/10 * * * * ?','3','1','1','admin','2018-03-16 11:33:00','ry','2018-03-16 11:33:00',''),(2,'ç³»ç»Ÿé»˜è®¤ï¼ˆæœ‰å‚ï¼‰','DEFAULT','ryTask.ryParams(\'ry\')','0/15 * * * * ?','3','1','1','admin','2018-03-16 11:33:00','ry','2018-03-16 11:33:00',''),(3,'ç³»ç»Ÿé»˜è®¤ï¼ˆå¤šå‚ï¼‰','DEFAULT','ryTask.ryMultipleParams(\'ry\', true, 2000L, 316.50D, 100)','0/20 * * * * ?','3','1','1','admin','2018-03-16 11:33:00','ry','2018-03-16 11:33:00','');

/*Table structure for table `sys_job_log` */

DROP TABLE IF EXISTS `sys_job_log`;

CREATE TABLE `sys_job_log` (
  `job_log_id` bigint(20) NOT NULL AUTO_INCREMENT COMMENT 'ä»»åŠ¡æ—¥å¿—ID',
  `job_name` varchar(64) NOT NULL COMMENT 'ä»»åŠ¡åç§°',
  `job_group` varchar(64) NOT NULL COMMENT 'ä»»åŠ¡ç»„å',
  `invoke_target` varchar(500) NOT NULL COMMENT 'è°ƒç”¨ç›®æ ‡å­—ç¬¦ä¸²',
  `job_message` varchar(500) DEFAULT NULL COMMENT 'æ—¥å¿—ä¿¡æ¯',
  `status` char(1) DEFAULT '0' COMMENT 'æ‰§è¡ŒçŠ¶æ€ï¼ˆ0æ­£å¸¸ 1å¤±è´¥ï¼‰',
  `exception_info` varchar(2000) DEFAULT '' COMMENT 'å¼‚å¸¸ä¿¡æ¯',
  `create_time` datetime DEFAULT NULL COMMENT 'åˆ›å»ºæ—¶é—´',
  PRIMARY KEY (`job_log_id`)
) ENGINE=InnoDB DEFAULT CHARSET=utf8 COMMENT='å®šæ—¶ä»»åŠ¡è°ƒåº¦æ—¥å¿—è¡¨';

/*Data for the table `sys_job_log` */

/*Table structure for table `sys_logininfor` */

DROP TABLE IF EXISTS `sys_logininfor`;

CREATE TABLE `sys_logininfor` (
  `info_id` bigint(20) NOT NULL AUTO_INCREMENT COMMENT 'è®¿é—®ID',
  `user_name` varchar(50) DEFAULT '' COMMENT 'ç”¨æˆ·è´¦å·',
  `ipaddr` varchar(50) DEFAULT '' COMMENT 'ç™»å½•IPåœ°å€',
  `login_location` varchar(255) DEFAULT '' COMMENT 'ç™»å½•åœ°ç‚¹',
  `browser` varchar(50) DEFAULT '' COMMENT 'æµè§ˆå™¨ç±»å‹',
  `os` varchar(50) DEFAULT '' COMMENT 'æ“ä½œç³»ç»Ÿ',
  `status` char(1) DEFAULT '0' COMMENT 'ç™»å½•çŠ¶æ€ï¼ˆ0æˆåŠŸ 1å¤±è´¥ï¼‰',
  `msg` varchar(255) DEFAULT '' COMMENT 'æç¤ºæ¶ˆæ¯',
  `login_time` datetime DEFAULT NULL COMMENT 'è®¿é—®æ—¶é—´',
  PRIMARY KEY (`info_id`)
) ENGINE=InnoDB AUTO_INCREMENT=438 DEFAULT CHARSET=utf8 COMMENT='ç³»ç»Ÿè®¿é—®è®°å½•';

/*Data for the table `sys_logininfor` */

insert  into `sys_logininfor`(`info_id`,`user_name`,`ipaddr`,`login_location`,`browser`,`os`,`status`,`msg`,`login_time`) values (100,'admin','192.168.40.1','å†…ç½‘IP','Chrome','Windows 10','0','ç™»å½•æˆåŠŸ','2020-04-23 08:59:38'),(101,'admin','192.168.40.1','å†…ç½‘IP','Chrome','Windows 10','0','ç™»å½•æˆåŠŸ','2020-04-23 12:28:46'),(102,'admin','192.168.40.1','å†…ç½‘IP','Chrome','Windows 10','0','ç™»å½•æˆåŠŸ','2020-04-23 14:53:46'),(103,'admin','192.168.40.1','å†…ç½‘IP','Chrome','Windows 10','0','ç™»å½•æˆåŠŸ','2020-04-24 17:11:08'),(104,'admin','192.168.40.1','å†…ç½‘IP','Chrome','Windows 10','1','éªŒè¯ç é”™è¯¯','2020-04-24 17:39:22'),(105,'admin','192.168.40.1','å†…ç½‘IP','Chrome','Windows 10','0','ç™»å½•æˆåŠŸ','2020-04-24 17:39:27'),(106,'admin','192.168.40.1','å†…ç½‘IP','Chrome','Windows 10','0','ç™»å½•æˆåŠŸ','2020-04-25 04:01:56'),(107,'admin','127.0.0.1','å†…ç½‘IP','Chrome','Windows 10','0','ç™»å½•æˆåŠŸ','2020-04-27 07:40:32'),(108,'admin','127.0.0.1','å†…ç½‘IP','Chrome','Windows 10','0','é€€å‡ºæˆåŠŸ','2020-04-27 07:40:52'),(109,'admin','127.0.0.1','å†…ç½‘IP','Chrome','Windows 10','0','ç™»å½•æˆåŠŸ','2020-04-27 07:41:07'),(110,'admin','127.0.0.1','å†…ç½‘IP','Chrome','Windows 10','0','é€€å‡ºæˆåŠŸ','2020-04-27 07:46:14'),(111,'admin','127.0.0.1','å†…ç½‘IP','Chrome','Windows 10','0','ç™»å½•æˆåŠŸ','2020-04-27 07:46:24'),(112,'admin','127.0.0.1','å†…ç½‘IP','Chrome','Windows 10','1','éªŒè¯ç å·²å¤±æ•ˆ','2020-04-27 14:48:54'),(113,'admin','127.0.0.1','å†…ç½‘IP','Chrome','Windows 10','0','ç™»å½•æˆåŠŸ','2020-04-27 14:49:01'),(114,'admin','127.0.0.1','å†…ç½‘IP','Chrome','Windows 10','0','ç™»å½•æˆåŠŸ','2020-04-27 15:42:56'),(115,'admin','127.0.0.1','å†…ç½‘IP','Chrome','Windows 10','0','ç™»å½•æˆåŠŸ','2020-04-28 11:33:43'),(116,'admin','127.0.0.1','å†…ç½‘IP','Chrome','Windows 10','0','ç™»å½•æˆåŠŸ','2020-04-28 21:15:55'),(117,'admin','127.0.0.1','å†…ç½‘IP','Chrome','Windows 10','0','ç™»å½•æˆåŠŸ','2020-04-29 05:52:02'),(118,'admin','127.0.0.1','å†…ç½‘IP','Chrome','Windows 10','0','ç™»å½•æˆåŠŸ','2020-04-29 07:05:37'),(119,'admin','127.0.0.1','å†…ç½‘IP','Chrome','Windows 10','0','ç™»å½•æˆåŠŸ','2020-04-29 07:05:37'),(120,'admin','127.0.0.1','å†…ç½‘IP','Chrome','Windows 10','0','ç™»å½•æˆåŠŸ','2020-04-29 08:35:41'),(121,'admin','127.0.0.1','å†…ç½‘IP','Chrome','Windows 10','0','ç™»å½•æˆåŠŸ','2020-04-29 09:18:14'),(122,'admin','127.0.0.1','å†…ç½‘IP','Chrome','Windows 10','0','ç™»å½•æˆåŠŸ','2020-04-29 12:11:40'),(123,'admin','127.0.0.1','å†…ç½‘IP','Chrome','Windows 10','0','ç™»å½•æˆåŠŸ','2020-04-29 15:53:58'),(124,'admin','127.0.0.1','å†…ç½‘IP','Chrome','Windows 10','0','ç™»å½•æˆåŠŸ','2020-04-30 01:39:40'),(125,'admin','127.0.0.1','å†…ç½‘IP','Chrome','Windows 10','0','ç™»å½•æˆåŠŸ','2020-04-30 03:06:39'),(126,'admin','127.0.0.1','å†…ç½‘IP','Chrome 8','Windows 10','0','ç™»å½•æˆåŠŸ','2020-05-05 16:31:33'),(127,'admin','127.0.0.1','å†…ç½‘IP','Chrome 8','Windows 10','0','é€€å‡ºæˆåŠŸ','2020-05-05 16:31:44'),(128,'admin','192.168.0.107','å†…ç½‘IP','Chrome 8','Windows 10','0','ç™»å½•æˆåŠŸ','2020-05-06 12:52:20'),(129,'admin','192.168.0.107','å†…ç½‘IP','Chrome 8','Windows 10','1','ç”¨æˆ·ä¸å­˜åœ¨/å¯†ç é”™è¯¯','2020-05-06 17:05:25'),(130,'è€å®¶äº†','192.168.0.105','å†…ç½‘IP','Unknown','Unknown','1','éªŒè¯ç é”™è¯¯','2020-05-07 02:00:09'),(131,'å¥½äº†','192.168.0.105','å†…ç½‘IP','Unknown','Unknown','1','éªŒè¯ç é”™è¯¯','2020-05-07 02:00:37'),(132,'è€å®¶äº†','192.168.0.105','å†…ç½‘IP','Unknown','Unknown','1','éªŒè¯ç é”™è¯¯','2020-05-07 02:03:26'),(133,'è€å®¶äº†','192.168.0.105','å†…ç½‘IP','Unknown','Unknown','1','éªŒè¯ç é”™è¯¯','2020-05-07 02:54:31'),(134,'å“ˆå“ˆ','192.168.0.105','å†…ç½‘IP','Unknown','Unknown','1','éªŒè¯ç é”™è¯¯','2020-05-07 02:56:09'),(135,'å›¾è§£','192.168.0.105','å†…ç½‘IP','Unknown','Unknown','1','éªŒè¯ç é”™è¯¯','2020-05-07 02:58:26'),(136,'çœ‹çœ‹','192.168.0.105','å†…ç½‘IP','Unknown','Unknown','1','éªŒè¯ç é”™è¯¯','2020-05-07 03:18:34'),(137,'è€å®¶äº†','192.168.0.105','å†…ç½‘IP','Unknown','Unknown','1','éªŒè¯ç é”™è¯¯','2020-05-07 03:22:55'),(138,'è£¤è…¿è£¤','192.168.0.105','å†…ç½‘IP','Unknown','Unknown','1','éªŒè¯ç é”™è¯¯','2020-05-07 03:23:21'),(139,'å•¦å•¦å•¦å•¦','192.168.0.105','å†…ç½‘IP','Unknown','Unknown','1','éªŒè¯ç é”™è¯¯','2020-05-07 03:24:28'),(140,'æ¥æ˜†æ˜','192.168.0.105','å†…ç½‘IP','Unknown','Unknown','1','éªŒè¯ç é”™è¯¯','2020-05-07 03:25:01'),(141,'è€å®¶äº†','192.168.0.105','å†…ç½‘IP','Unknown','Unknown','1','éªŒè¯ç é”™è¯¯','2020-05-07 03:25:20'),(142,'è€å®¶äº†','192.168.0.105','å†…ç½‘IP','Unknown','Unknown','1','éªŒè¯ç é”™è¯¯','2020-05-07 03:26:55'),(143,'äº¤æ¥äº†å—','192.168.0.105','å†…ç½‘IP','Unknown','Unknown','1','éªŒè¯ç é”™è¯¯','2020-05-07 03:28:05'),(144,'è€ƒè™‘','192.168.0.105','å†…ç½‘IP','Unknown','Unknown','1','éªŒè¯ç é”™è¯¯','2020-05-07 03:29:03'),(145,'è·ç¦»','192.168.0.105','å†…ç½‘IP','Unknown','Unknown','1','éªŒè¯ç é”™è¯¯','2020-05-07 03:33:34'),(146,'å•¦å•¦å•¦å•¦','192.168.0.105','å†…ç½‘IP','Unknown','Unknown','1','éªŒè¯ç é”™è¯¯','2020-05-07 03:34:02'),(147,'çœ‹çœ‹','192.168.0.105','å†…ç½‘IP','Unknown','Unknown','1','éªŒè¯ç é”™è¯¯','2020-05-07 03:35:57'),(148,'è·ç¦»','192.168.0.105','å†…ç½‘IP','Unknown','Unknown','1','éªŒè¯ç é”™è¯¯','2020-05-07 03:36:55'),(149,'å…”å…”','192.168.0.105','å†…ç½‘IP','Unknown','Unknown','1','éªŒè¯ç é”™è¯¯','2020-05-07 04:18:18'),(150,'å…·ä½“','192.168.0.105','å†…ç½‘IP','Unknown','Unknown','1','éªŒè¯ç é”™è¯¯','2020-05-07 04:25:11'),(151,'å•¦å•¦å•¦å•¦','192.168.0.105','å†…ç½‘IP','Unknown','Unknown','1','éªŒè¯ç é”™è¯¯','2020-05-07 04:26:41'),(152,'æ¥æ˜†æ˜','192.168.0.105','å†…ç½‘IP','Unknown','Unknown','1','éªŒè¯ç é”™è¯¯','2020-05-07 04:28:57'),(153,'è€å®¶äº†','192.168.0.105','å†…ç½‘IP','Unknown','Unknown','1','éªŒè¯ç é”™è¯¯','2020-05-07 04:31:10'),(154,'è€å®¶äº†','192.168.0.105','å†…ç½‘IP','Unknown','Unknown','1','ç”¨æˆ·ä¸å­˜åœ¨/å¯†ç é”™è¯¯','2020-05-07 04:31:29'),(155,'è€å®¶äº†','192.168.0.105','å†…ç½‘IP','Unknown','Unknown','1','ç”¨æˆ·ä¸å­˜åœ¨/å¯†ç é”™è¯¯','2020-05-07 04:37:41'),(156,'admin','192.168.0.105','å†…ç½‘IP','Unknown','Unknown','1','éªŒè¯ç å·²å¤±æ•ˆ','2020-05-07 04:37:53'),(157,'admin','192.168.0.105','å†…ç½‘IP','Unknown','Unknown','1','ç”¨æˆ·ä¸å­˜åœ¨/å¯†ç é”™è¯¯','2020-05-07 04:38:05'),(158,'admin','192.168.0.105','å†…ç½‘IP','Unknown','Unknown','0','ç™»å½•æˆåŠŸ','2020-05-07 04:38:36'),(159,'admin','192.168.0.105','å†…ç½‘IP','Unknown','Unknown','1','éªŒè¯ç å·²å¤±æ•ˆ','2020-05-07 04:38:43'),(160,'admin','192.168.0.105','å†…ç½‘IP','Unknown','Unknown','0','ç™»å½•æˆåŠŸ','2020-05-07 04:48:16'),(161,'admin','192.168.0.105','å†…ç½‘IP','Unknown','Unknown','1','éªŒè¯ç å·²å¤±æ•ˆ','2020-05-07 04:48:18'),(162,'admin','192.168.0.105','å†…ç½‘IP','Unknown','Unknown','0','ç™»å½•æˆåŠŸ','2020-05-07 04:48:44'),(163,'admin','192.168.0.105','å†…ç½‘IP','Unknown','Unknown','1','éªŒè¯ç å·²å¤±æ•ˆ','2020-05-07 04:48:45'),(164,'admin','192.168.0.105','å†…ç½‘IP','Unknown','Unknown','1','éªŒè¯ç é”™è¯¯','2020-05-07 05:28:52'),(165,'admin','192.168.0.105','å†…ç½‘IP','Unknown','Unknown','1','éªŒè¯ç å·²å¤±æ•ˆ','2020-05-07 05:28:59'),(166,'admin','192.168.0.105','å†…ç½‘IP','Unknown','Unknown','0','ç™»å½•æˆåŠŸ','2020-05-07 05:29:11'),(167,'admin','192.168.0.105','å†…ç½‘IP','Unknown','Unknown','1','éªŒè¯ç é”™è¯¯','2020-05-07 05:31:47'),(168,'admin','192.168.0.105','å†…ç½‘IP','Unknown','Unknown','0','ç™»å½•æˆåŠŸ','2020-05-07 05:32:02'),(169,'admin','192.168.0.107','å†…ç½‘IP','Chrome 8','Windows 10','1','ç”¨æˆ·ä¸å­˜åœ¨/å¯†ç é”™è¯¯','2020-05-07 05:44:10'),(170,'admin','192.168.0.107','å†…ç½‘IP','Chrome 8','Windows 10','0','ç™»å½•æˆåŠŸ','2020-05-07 05:44:24'),(171,'admin','192.168.0.105','å†…ç½‘IP','Unknown','Unknown','0','ç™»å½•æˆåŠŸ','2020-05-07 06:11:48'),(172,'admin','192.168.0.105','å†…ç½‘IP','Unknown','Unknown','0','ç™»å½•æˆåŠŸ','2020-05-07 06:13:01'),(173,'admin','192.168.0.105','å†…ç½‘IP','Unknown','Unknown','0','ç™»å½•æˆåŠŸ','2020-05-07 06:25:13'),(174,'admin','192.168.0.105','å†…ç½‘IP','Unknown','Unknown','0','ç™»å½•æˆåŠŸ','2020-05-07 06:40:29'),(175,'admin','192.168.0.105','å†…ç½‘IP','Unknown','Unknown','0','ç™»å½•æˆåŠŸ','2020-05-07 06:40:55'),(176,'admin','192.168.0.105','å†…ç½‘IP','Unknown','Unknown','0','ç™»å½•æˆåŠŸ','2020-05-07 06:41:41'),(177,'admin','192.168.0.105','å†…ç½‘IP','Unknown','Unknown','0','ç™»å½•æˆåŠŸ','2020-05-07 06:44:26'),(178,'admin','192.168.0.105','å†…ç½‘IP','Unknown','Unknown','0','ç™»å½•æˆåŠŸ','2020-05-07 07:45:15'),(179,'admin','192.168.0.105','å†…ç½‘IP','Unknown','Unknown','0','ç™»å½•æˆåŠŸ','2020-05-07 07:50:44'),(180,'admin','192.168.0.107','å†…ç½‘IP','Chrome 8','Windows 10','0','ç™»å½•æˆåŠŸ','2020-05-07 08:25:40'),(181,'admin','192.168.0.105','å†…ç½‘IP','Unknown','Unknown','0','ç™»å½•æˆåŠŸ','2020-05-07 08:26:20'),(182,'admin','192.168.0.105','å†…ç½‘IP','Unknown','Unknown','1','éªŒè¯ç é”™è¯¯','2020-05-07 08:26:32'),(183,'admin','192.168.0.105','å†…ç½‘IP','Unknown','Unknown','0','ç™»å½•æˆåŠŸ','2020-05-07 08:26:46'),(184,'admin','192.168.0.105','å†…ç½‘IP','Unknown','Unknown','0','ç™»å½•æˆåŠŸ','2020-05-07 08:27:14'),(185,'admin','192.168.0.105','å†…ç½‘IP','Unknown','Unknown','0','ç™»å½•æˆåŠŸ','2020-05-07 08:29:17'),(186,'admin','192.168.0.105','å†…ç½‘IP','Unknown','Unknown','0','ç™»å½•æˆåŠŸ','2020-05-07 08:30:32'),(187,'admin','192.168.0.105','å†…ç½‘IP','Unknown','Unknown','0','ç™»å½•æˆåŠŸ','2020-05-07 08:31:01'),(188,'admin','192.168.0.105','å†…ç½‘IP','Unknown','Unknown','0','ç™»å½•æˆåŠŸ','2020-05-07 08:32:32'),(189,'admin','192.168.0.105','å†…ç½‘IP','Unknown','Unknown','0','ç™»å½•æˆåŠŸ','2020-05-07 08:32:52'),(190,'admin','192.168.0.105','å†…ç½‘IP','Unknown','Unknown','0','ç™»å½•æˆåŠŸ','2020-05-07 08:34:00'),(191,'admin','192.168.0.105','å†…ç½‘IP','Unknown','Unknown','0','ç™»å½•æˆåŠŸ','2020-05-07 08:36:31'),(192,'admin','192.168.0.105','å†…ç½‘IP','Unknown','Unknown','1','éªŒè¯ç å·²å¤±æ•ˆ','2020-05-07 08:36:33'),(193,'admin','192.168.0.105','å†…ç½‘IP','Unknown','Unknown','0','ç™»å½•æˆåŠŸ','2020-05-07 08:36:47'),(194,'admin','192.168.0.105','å†…ç½‘IP','Unknown','Unknown','1','éªŒè¯ç å·²å¤±æ•ˆ','2020-05-07 08:36:54'),(195,'admin','192.168.0.105','å†…ç½‘IP','Unknown','Unknown','0','ç™»å½•æˆåŠŸ','2020-05-07 08:37:04'),(196,'admin','192.168.0.105','å†…ç½‘IP','Unknown','Unknown','0','ç™»å½•æˆåŠŸ','2020-05-07 08:43:07'),(197,'admin','192.168.0.105','å†…ç½‘IP','Unknown','Unknown','0','ç™»å½•æˆåŠŸ','2020-05-07 08:45:01'),(198,'admin','192.168.0.105','å†…ç½‘IP','Unknown','Unknown','0','ç™»å½•æˆåŠŸ','2020-05-07 08:46:08'),(199,'admin','192.168.0.105','å†…ç½‘IP','Unknown','Unknown','0','ç™»å½•æˆåŠŸ','2020-05-07 09:14:53'),(200,'admin','192.168.0.107','å†…ç½‘IP','Chrome 8','Windows 10','0','ç™»å½•æˆåŠŸ','2020-05-07 09:46:52'),(201,'admin','192.168.0.107','å†…ç½‘IP','Chrome 8','Windows 10','0','ç™»å½•æˆåŠŸ','2020-05-07 10:53:38'),(202,'admin','192.168.0.105','å†…ç½‘IP','Unknown','Unknown','0','ç™»å½•æˆåŠŸ','2020-05-07 10:58:26'),(203,'admin','192.168.0.105','å†…ç½‘IP','Unknown','Unknown','0','ç™»å½•æˆåŠŸ','2020-05-07 11:09:10'),(204,'admin','192.168.0.105','å†…ç½‘IP','Unknown','Unknown','0','ç™»å½•æˆåŠŸ','2020-05-07 11:48:16'),(205,'admin','192.168.0.107','å†…ç½‘IP','Chrome 8','Windows 10','0','ç™»å½•æˆåŠŸ','2020-05-07 12:51:55'),(206,'admin','192.168.0.105','å†…ç½‘IP','Unknown','Unknown','0','ç™»å½•æˆåŠŸ','2020-05-07 13:01:33'),(207,'admin','192.168.0.106','å†…ç½‘IP','Unknown','Unknown','0','ç™»å½•æˆåŠŸ','2020-05-07 13:35:19'),(208,'admin','192.168.0.107','å†…ç½‘IP','Chrome 8','Windows 10','0','ç™»å½•æˆåŠŸ','2020-05-07 13:39:00'),(209,'admin','192.168.0.106','å†…ç½‘IP','Unknown','Unknown','0','ç™»å½•æˆåŠŸ','2020-05-07 13:40:04'),(210,'admin','192.168.0.106','å†…ç½‘IP','Unknown','Unknown','1','éªŒè¯ç å·²å¤±æ•ˆ','2020-05-07 13:40:07'),(211,'admin','192.168.0.106','å†…ç½‘IP','Unknown','Unknown','0','ç™»å½•æˆåŠŸ','2020-05-07 13:40:25'),(212,'admin','192.168.0.106','å†…ç½‘IP','Unknown','Unknown','0','ç™»å½•æˆåŠŸ','2020-05-07 13:40:45'),(213,'admin','192.168.0.106','å†…ç½‘IP','Unknown','Unknown','0','ç™»å½•æˆåŠŸ','2020-05-07 13:46:20'),(214,'admin','127.0.0.1','å†…ç½‘IP','Chrome 8','Windows 10','0','ç™»å½•æˆåŠŸ','2020-05-13 08:13:08'),(215,'admin','127.0.0.1','å†…ç½‘IP','Chrome 8','Windows 10','0','ç™»å½•æˆåŠŸ','2020-05-13 08:56:56'),(216,'admin','127.0.0.1','å†…ç½‘IP','Chrome 8','Windows 10','0','é€€å‡ºæˆåŠŸ','2020-05-13 09:08:55'),(217,'admin','117.136.72.71','XX XX','Chrome 8','Windows 10','0','ç™»å½•æˆåŠŸ','2020-05-16 16:44:50'),(218,'admin','117.136.72.71','XX XX','Chrome 8','Windows 10','0','ç™»å½•æˆåŠŸ','2020-05-16 17:05:39'),(219,'admin','117.136.72.71','XX XX','Unknown','Unknown','0','ç™»å½•æˆåŠŸ','2020-05-16 17:12:23'),(220,'admin','117.136.72.71','XX XX','Unknown','Unknown','0','ç™»å½•æˆåŠŸ','2020-05-16 17:24:22'),(221,'admin','39.130.57.52','XX XX','Unknown','Unknown','0','ç™»å½•æˆåŠŸ','2020-05-16 18:37:19'),(222,'admin','39.130.57.52','XX XX','Unknown','Unknown','0','ç™»å½•æˆåŠŸ','2020-05-17 03:30:42'),(223,'admin','39.130.57.52','XX XX','Chrome 8','Windows 10','0','ç™»å½•æˆåŠŸ','2020-05-17 04:51:23'),(224,'admin','39.130.57.52','XX XX','Chrome 8','Windows 10','0','ç™»å½•æˆåŠŸ','2020-05-17 06:47:36'),(225,'admin','39.130.57.52','XX XX','Chrome 8','Windows 10','0','ç™»å½•æˆåŠŸ','2020-05-17 12:19:17'),(226,'admin','39.130.57.52','XX XX','Chrome 8','Windows 10','0','ç™»å½•æˆåŠŸ','2020-05-17 15:35:30'),(227,'admin','39.130.57.52','XX XX','Chrome 8','Windows 10','0','ç™»å½•æˆåŠŸ','2020-05-17 15:40:28'),(228,'admin','39.130.57.52','XX XX','Unknown','Unknown','0','ç™»å½•æˆåŠŸ','2020-05-17 15:46:49'),(229,'admin','39.130.57.52','XX XX','Unknown','Unknown','1','éªŒè¯ç å·²å¤±æ•ˆ','2020-05-17 15:52:20'),(230,'admin','39.130.57.52','XX XX','Unknown','Unknown','0','ç™»å½•æˆåŠŸ','2020-05-17 15:52:31'),(231,'admin','39.130.57.52','XX XX','Chrome 8','Windows 10','0','ç™»å½•æˆåŠŸ','2020-05-17 16:30:01'),(232,'admin','39.130.57.52','XX XX','Unknown','Unknown','0','ç™»å½•æˆåŠŸ','2020-05-17 16:52:47'),(233,'admin','127.0.0.1','å†…ç½‘IP','Chrome 8','Windows 10','0','ç™»å½•æˆåŠŸ','2020-05-18 01:37:43'),(234,'admin','39.130.57.52','XX XX','Chrome 8','Windows 10','0','ç™»å½•æˆåŠŸ','2020-05-18 02:00:44'),(235,'admin','39.130.57.52','XX XX','Unknown','Unknown','0','ç™»å½•æˆåŠŸ','2020-05-18 02:08:24'),(236,'admin','39.130.57.52','XX XX','Chrome 8','Windows 10','0','ç™»å½•æˆåŠŸ','2020-05-18 02:58:39'),(237,'admin','39.130.57.52','XX XX','Unknown','Unknown','0','ç™»å½•æˆåŠŸ','2020-05-18 03:00:32'),(238,'admin','39.130.57.52','XX XX','Unknown','Unknown','0','ç™»å½•æˆåŠŸ','2020-05-18 03:06:35'),(239,'admin','39.130.57.52','XX XX','Unknown','Unknown','0','ç™»å½•æˆåŠŸ','2020-05-18 03:55:48'),(240,'admin','39.130.57.52','XX XX','Unknown','Unknown','1','éªŒè¯ç å·²å¤±æ•ˆ','2020-05-18 03:55:56'),(241,'admin','39.130.57.52','XX XX','Unknown','Unknown','0','ç™»å½•æˆåŠŸ','2020-05-18 04:09:28'),(242,'admin','39.130.57.52','XX XX','Unknown','Unknown','0','ç™»å½•æˆåŠŸ','2020-05-18 04:29:37'),(243,'admin','39.130.57.52','XX XX','Unknown','Unknown','0','ç™»å½•æˆåŠŸ','2020-05-18 04:30:16'),(244,'admin','39.130.57.52','XX XX','Unknown','Unknown','0','ç™»å½•æˆåŠŸ','2020-05-18 04:31:05'),(245,'admin','39.130.57.52','XX XX','Unknown','Unknown','1','éªŒè¯ç å·²å¤±æ•ˆ','2020-05-18 04:31:15'),(246,'admin','39.130.57.52','XX XX','Unknown','Unknown','0','ç™»å½•æˆåŠŸ','2020-05-18 04:31:25'),(247,'admin','39.130.57.52','XX XX','Unknown','Unknown','0','ç™»å½•æˆåŠŸ','2020-05-18 04:32:11'),(248,'admin','39.130.57.52','XX XX','Unknown','Unknown','0','ç™»å½•æˆåŠŸ','2020-05-18 04:40:30'),(249,'admin','39.130.57.52','XX XX','Unknown','Unknown','1','éªŒè¯ç å·²å¤±æ•ˆ','2020-05-18 04:40:40'),(250,'admin','39.130.57.52','XX XX','Unknown','Unknown','0','ç™»å½•æˆåŠŸ','2020-05-18 04:40:52'),(251,'admin','39.130.57.52','XX XX','Unknown','Unknown','0','ç™»å½•æˆåŠŸ','2020-05-18 05:01:17'),(252,'admin','39.130.57.52','XX XX','Unknown','Unknown','0','ç™»å½•æˆåŠŸ','2020-05-18 05:02:51'),(253,'admin','39.130.57.52','XX XX','Chrome 8','Windows 10','0','ç™»å½•æˆåŠŸ','2020-05-18 05:07:57'),(254,'admin','39.130.57.52','XX XX','Unknown','Unknown','0','ç™»å½•æˆåŠŸ','2020-05-18 05:08:28'),(255,'admin','94.190.208.72','XX XX','Chrome 8','Windows 10','0','ç™»å½•æˆåŠŸ','2020-05-18 07:14:17'),(256,'admin','39.130.57.52','XX XX','Unknown','Unknown','0','ç™»å½•æˆåŠŸ','2020-05-18 07:14:48'),(257,'admin','39.130.57.52','XX XX','Unknown','Unknown','0','ç™»å½•æˆåŠŸ','2020-05-18 07:54:41'),(258,'admin','39.130.57.52','XX XX','Chrome Mobile','Android 1.x','0','ç™»å½•æˆåŠŸ','2020-05-18 07:58:44'),(259,'admin','39.130.57.52','XX XX','Chrome 8','Windows 10','0','ç™»å½•æˆåŠŸ','2020-05-18 09:31:03'),(260,'admin','39.130.57.52','XX XX','Chrome 8','Windows 10','0','é€€å‡ºæˆåŠŸ','2020-05-18 09:32:43'),(261,'admin','39.130.57.52','XX XX','Chrome 8','Windows 10','1','ç”¨æˆ·ä¸å­˜åœ¨/å¯†ç é”™è¯¯','2020-05-18 09:32:53'),(262,'admin','39.130.57.52','XX XX','Chrome 8','Windows 10','1','éªŒè¯ç é”™è¯¯','2020-05-18 09:33:03'),(263,'admin','39.130.57.52','XX XX','Chrome 8','Windows 10','0','ç™»å½•æˆåŠŸ','2020-05-18 09:33:11'),(264,'admin','39.130.57.52','XX XX','Chrome 8','Windows 10','1','éªŒè¯ç é”™è¯¯','2020-05-18 09:33:24'),(265,'admin','39.130.57.52','XX XX','Chrome 8','Windows 10','0','ç™»å½•æˆåŠŸ','2020-05-18 09:33:35'),(266,'admin','39.130.57.52','XX XX','Chrome 8','Windows 10','1','ç”¨æˆ·ä¸å­˜åœ¨/å¯†ç é”™è¯¯','2020-05-18 11:03:18'),(267,'admin','39.130.57.52','XX XX','Chrome 8','Windows 10','1','ç”¨æˆ·ä¸å­˜åœ¨/å¯†ç é”™è¯¯','2020-05-18 11:03:25'),(268,'admin','39.130.57.52','XX XX','Chrome 8','Windows 10','0','ç™»å½•æˆåŠŸ','2020-05-18 11:03:37'),(269,'admin','39.130.57.52','XX XX','Chrome 8','Windows 10','0','ç™»å½•æˆåŠŸ','2020-05-18 12:25:50'),(270,'admin','39.130.57.52','XX XX','Chrome 8','Windows 10','0','ç™»å½•æˆåŠŸ','2020-05-18 13:17:13'),(271,'admin','39.130.57.52','XX XX','Unknown','Unknown','1','ç”¨æˆ·ä¸å­˜åœ¨/å¯†ç é”™è¯¯','2020-05-18 13:39:55'),(272,'admin','39.130.57.52','XX XX','Unknown','Unknown','0','ç™»å½•æˆåŠŸ','2020-05-18 13:40:12'),(273,'admin','39.130.57.52','XX XX','Unknown','Unknown','1','éªŒè¯ç å·²å¤±æ•ˆ','2020-05-18 13:40:26'),(274,'admin','39.130.57.52','XX XX','Unknown','Unknown','0','ç™»å½•æˆåŠŸ','2020-05-18 13:40:49'),(275,'admin','39.130.57.52','XX XX','Unknown','Unknown','0','ç™»å½•æˆåŠŸ','2020-05-18 14:14:08'),(276,'admin','39.130.57.52','XX XX','Unknown','Unknown','1','éªŒè¯ç å·²å¤±æ•ˆ','2020-05-18 14:14:09'),(277,'admin','39.130.57.52','XX XX','Unknown','Unknown','0','ç™»å½•æˆåŠŸ','2020-05-18 15:52:20'),(278,'admin','39.130.57.52','XX XX','Unknown','Unknown','0','ç™»å½•æˆåŠŸ','2020-05-18 18:07:20'),(279,'admin','39.130.57.52','XX XX','Unknown','Unknown','0','ç™»å½•æˆåŠŸ','2020-05-19 02:34:53'),(280,'admin','39.130.57.52','XX XX','Unknown','Unknown','0','ç™»å½•æˆåŠŸ','2020-05-19 02:56:17'),(281,'admin','39.130.57.52','XX XX','Chrome 8','Windows 10','0','ç™»å½•æˆåŠŸ','2020-05-19 06:23:00'),(282,'admin','39.130.57.52','XX XX','Unknown','Unknown','0','ç™»å½•æˆåŠŸ','2020-05-19 06:49:28'),(283,'admin','39.130.57.52','XX XX','Unknown','Unknown','0','ç™»å½•æˆåŠŸ','2020-05-19 08:08:42'),(284,'admin','39.130.57.52','XX XX','Chrome 8','Windows 10','0','ç™»å½•æˆåŠŸ','2020-05-19 08:17:21'),(285,'admin','39.130.57.52','XX XX','Unknown','Unknown','0','ç™»å½•æˆåŠŸ','2020-05-19 09:15:38'),(286,'admin','39.130.57.52','XX XX','Unknown','Unknown','0','ç™»å½•æˆåŠŸ','2020-05-19 09:16:38'),(287,'admin','39.130.57.52','XX XX','Chrome 8','Windows 10','1','éªŒè¯ç é”™è¯¯','2020-05-19 09:18:14'),(288,'admin','39.130.57.52','XX XX','Chrome 8','Windows 10','0','ç™»å½•æˆåŠŸ','2020-05-19 09:18:23'),(289,'admin','39.130.57.52','XX XX','Unknown','Unknown','0','ç™»å½•æˆåŠŸ','2020-05-19 09:39:38'),(290,'admin','39.130.57.52','XX XX','Unknown','Unknown','0','ç™»å½•æˆåŠŸ','2020-05-19 09:47:39'),(291,'admin','39.130.57.52','XX XX','Unknown','Unknown','0','ç™»å½•æˆåŠŸ','2020-05-19 09:49:13'),(292,'admin','39.130.57.52','XX XX','Unknown','Unknown','0','ç™»å½•æˆåŠŸ','2020-05-19 09:49:36'),(293,'admin','39.130.57.52','XX XX','Unknown','Unknown','0','ç™»å½•æˆåŠŸ','2020-05-19 09:50:54'),(294,'admin','39.130.57.52','XX XX','Unknown','Unknown','1','éªŒè¯ç å·²å¤±æ•ˆ','2020-05-19 09:51:10'),(295,'admin','39.130.57.52','XX XX','Unknown','Unknown','0','ç™»å½•æˆåŠŸ','2020-05-19 09:51:23'),(296,'admin','39.130.57.52','XX XX','Chrome 8','Windows 10','0','ç™»å½•æˆåŠŸ','2020-05-19 09:52:29'),(297,'admin','39.130.57.52','XX XX','Unknown','Unknown','0','ç™»å½•æˆåŠŸ','2020-05-19 10:11:02'),(298,'admin','39.130.57.52','XX XX','Unknown','Unknown','0','ç™»å½•æˆåŠŸ','2020-05-19 10:11:29'),(299,'admin','39.130.57.52','XX XX','Unknown','Unknown','0','ç™»å½•æˆåŠŸ','2020-05-19 10:13:34'),(300,'admin','39.130.57.52','XX XX','Unknown','Unknown','1','éªŒè¯ç å·²å¤±æ•ˆ','2020-05-19 10:13:52'),(301,'admin','39.130.57.52','XX XX','Unknown','Unknown','0','ç™»å½•æˆåŠŸ','2020-05-19 10:13:56'),(302,'admin','39.130.57.52','XX XX','Unknown','Unknown','0','ç™»å½•æˆåŠŸ','2020-05-19 10:14:41'),(303,'admin','39.130.57.52','XX XX','Unknown','Unknown','0','ç™»å½•æˆåŠŸ','2020-05-19 10:20:08'),(304,'admin','39.130.57.52','XX XX','Unknown','Unknown','0','ç™»å½•æˆåŠŸ','2020-05-19 10:22:17'),(305,'admin','39.130.57.52','XX XX','Unknown','Unknown','0','ç™»å½•æˆåŠŸ','2020-05-19 10:23:18'),(306,'admin','39.130.57.52','XX XX','Unknown','Unknown','0','ç™»å½•æˆåŠŸ','2020-05-19 10:25:41'),(307,'admin','39.130.57.52','XX XX','Unknown','Unknown','0','ç™»å½•æˆåŠŸ','2020-05-19 10:28:47'),(308,'admin','39.130.57.52','XX XX','Unknown','Unknown','0','ç™»å½•æˆåŠŸ','2020-05-19 10:30:21'),(309,'admin','39.130.57.52','XX XX','Chrome 8','Windows 10','0','ç™»å½•æˆåŠŸ','2020-05-19 14:35:19'),(310,'admin','39.130.57.52','XX XX','Unknown','Unknown','0','ç™»å½•æˆåŠŸ','2020-05-19 18:55:51'),(311,'admin','94.190.208.72','XX XX','Unknown','Unknown','0','ç™»å½•æˆåŠŸ','2020-05-19 19:51:25'),(312,'admin','39.130.57.52','XX XX','Unknown','Unknown','0','ç™»å½•æˆåŠŸ','2020-05-19 22:42:37'),(313,'admin','39.130.57.52','XX XX','Unknown','Unknown','0','ç™»å½•æˆåŠŸ','2020-05-20 07:46:33'),(314,'admin','39.130.57.52','XX XX','Chrome 8','Windows 10','0','ç™»å½•æˆåŠŸ','2020-05-20 14:51:16'),(315,'admin','39.130.57.52','XX XX','Unknown','Unknown','0','ç™»å½•æˆåŠŸ','2020-05-20 15:09:29'),(316,'admin','39.130.57.52','XX XX','Unknown','Unknown','0','ç™»å½•æˆåŠŸ','2020-05-20 18:27:48'),(317,'admin','39.130.57.124','XX XX','Unknown','Unknown','0','ç™»å½•æˆåŠŸ','2020-05-21 17:59:41'),(318,'admin','39.130.57.124','XX XX','Unknown','Unknown','0','ç™»å½•æˆåŠŸ','2020-05-21 18:41:29'),(319,'admin','117.136.72.71','XX XX','Unknown','Unknown','0','ç™»å½•æˆåŠŸ','2020-05-22 17:52:51'),(320,'admin','39.130.57.124','XX XX','Unknown','Unknown','0','ç™»å½•æˆåŠŸ','2020-05-22 17:57:34'),(321,'admin','39.130.57.124','XX XX','Unknown','Unknown','0','ç™»å½•æˆåŠŸ','2020-05-22 19:54:44'),(322,'admin','39.130.57.124','XX XX','Chrome 8','Windows 10','0','ç™»å½•æˆåŠŸ','2020-05-23 04:54:33'),(323,'admin','94.190.208.72','XX XX','Chrome 8','Windows 10','0','ç™»å½•æˆåŠŸ','2020-05-23 06:57:46'),(324,'admin','39.130.57.124','XX XX','Unknown','Unknown','0','ç™»å½•æˆåŠŸ','2020-05-23 16:35:51'),(325,'admin','39.130.57.124','XX XX','Chrome 8','Windows 10','0','ç™»å½•æˆåŠŸ','2020-05-24 07:20:47'),(326,'admin','39.130.57.124','XX XX','Unknown','Unknown','0','ç™»å½•æˆåŠŸ','2020-05-24 07:22:47'),(327,'admin','39.130.57.124','XX XX','Chrome 8','Windows 10','0','ç™»å½•æˆåŠŸ','2020-05-24 08:25:24'),(328,'admin','39.130.57.124','XX XX','Chrome 8','Windows 10','0','ç™»å½•æˆåŠŸ','2020-05-24 09:13:45'),(329,'admin','39.130.57.124','XX XX','Chrome 8','Windows 10','0','ç™»å½•æˆåŠŸ','2020-05-24 09:14:00'),(330,'admin','39.130.57.124','XX XX','Unknown','Unknown','0','ç™»å½•æˆåŠŸ','2020-05-24 12:32:04'),(331,'admin','39.130.57.124','XX XX','Unknown','Unknown','1','éªŒè¯ç å·²å¤±æ•ˆ','2020-05-24 12:32:07'),(332,'admin','39.130.57.124','XX XX','Unknown','Unknown','0','ç™»å½•æˆåŠŸ','2020-05-24 12:48:26'),(333,'admin','39.130.57.124','XX XX','Unknown','Unknown','0','ç™»å½•æˆåŠŸ','2020-05-24 17:27:43'),(334,'admin','117.136.72.71','XX XX','Unknown','Unknown','0','ç™»å½•æˆåŠŸ','2020-05-25 19:25:37'),(335,'admin','117.136.72.71','XX XX','Unknown','Unknown','0','ç™»å½•æˆåŠŸ','2020-05-28 11:09:34'),(336,'admin','39.130.57.155','XX XX','Chrome 8','Windows 10','0','ç™»å½•æˆåŠŸ','2020-05-30 02:54:41'),(337,'admin','117.136.85.158','XX XX','Chrome Mobile','Android 1.x','0','ç™»å½•æˆåŠŸ','2020-06-04 14:31:26'),(338,'admin','182.242.73.170','XX XX','Chrome 8','Windows 10','1','ç”¨æˆ·ä¸å­˜åœ¨/å¯†ç é”™è¯¯','2020-06-16 07:50:04'),(339,'admin','182.242.73.170','XX XX','Chrome 8','Windows 10','1','ç”¨æˆ·ä¸å­˜åœ¨/å¯†ç é”™è¯¯','2020-06-16 07:50:19'),(340,'admin','182.242.73.170','XX XX','Chrome 8','Windows 10','0','ç™»å½•æˆåŠŸ','2020-06-16 07:50:34'),(341,'admin','182.242.73.170','XX XX','Chrome 8','Windows 10','0','é€€å‡ºæˆåŠŸ','2020-06-16 07:57:01'),(342,'admin','182.242.73.170','XX XX','Chrome 8','Windows 10','0','ç™»å½•æˆåŠŸ','2020-06-16 07:57:16'),(343,'admin','182.242.73.170','XX XX','Chrome 8','Windows 10','1','ç”¨æˆ·ä¸å­˜åœ¨/å¯†ç é”™è¯¯','2020-06-17 01:54:49'),(344,'admin','182.242.73.170','XX XX','Chrome 8','Windows 10','0','ç™»å½•æˆåŠŸ','2020-06-17 01:55:00'),(345,'admin','116.249.209.67','XX XX','Chrome 8','Windows 10','0','ç™»å½•æˆåŠŸ','2020-06-19 06:31:24'),(346,'admin','116.52.81.62','XX XX','Chrome 8','Windows 10','1','éªŒè¯ç é”™è¯¯','2020-07-08 05:07:47'),(347,'admin','116.52.81.62','XX XX','Chrome 8','Windows 10','1','ç”¨æˆ·ä¸å­˜åœ¨/å¯†ç é”™è¯¯','2020-07-08 05:07:54'),(348,'admin','116.52.81.62','XX XX','Chrome 8','Windows 10','0','ç™»å½•æˆåŠŸ','2020-07-08 05:08:04'),(349,'admin','116.52.81.62','XX XX','Chrome 8','Windows 10','1','éªŒè¯ç é”™è¯¯','2020-07-08 05:08:08'),(350,'admin','121.32.126.234','XX XX','Unknown','Unknown','1','ç”¨æˆ·ä¸å­˜åœ¨/å¯†ç é”™è¯¯','2020-07-09 06:07:40'),(351,'admin','121.32.126.234','XX XX','Unknown','Unknown','1','éªŒè¯ç å·²å¤±æ•ˆ','2020-07-09 06:07:53'),(352,'admin','121.32.126.234','XX XX','Unknown','Unknown','1','ç”¨æˆ·ä¸å­˜åœ¨/å¯†ç é”™è¯¯','2020-07-09 06:08:04'),(353,'admin','121.32.126.234','XX XX','Unknown','Unknown','1','éªŒè¯ç å·²å¤±æ•ˆ','2020-07-09 06:08:13'),(354,'admin','121.32.126.234','XX XX','Unknown','Unknown','1','ç”¨æˆ·ä¸å­˜åœ¨/å¯†ç é”™è¯¯','2020-07-09 06:08:23'),(355,'admin','121.32.126.234','XX XX','Unknown','Unknown','1','éªŒè¯ç å·²å¤±æ•ˆ','2020-07-09 06:08:30'),(356,'admin','121.32.126.234','XX XX','Unknown','Unknown','1','ç”¨æˆ·ä¸å­˜åœ¨/å¯†ç é”™è¯¯','2020-07-09 06:08:45'),(357,'admin','39.130.57.39','XX XX','Unknown','Unknown','0','ç™»å½•æˆåŠŸ','2020-07-13 12:30:39'),(358,'https://github.com/Kevincoooool/KSTC_V1','117.136.86.103','XX XX','Unknown','Unknown','1','éªŒè¯ç é”™è¯¯','2020-07-23 15:50:01'),(359,'https://github.com/Kevincoooool/KSTC_V1','117.136.86.103','XX XX','Unknown','Unknown','1','éªŒè¯ç å·²å¤±æ•ˆ','2020-07-23 15:50:10'),(360,'https://github.com/Kevincoooool/KSTC_V1','117.136.86.103','XX XX','Unknown','Unknown','1','ç”¨æˆ·ä¸å­˜åœ¨/å¯†ç é”™è¯¯','2020-07-23 15:50:21'),(361,'admin','39.130.57.241','XX XX','Unknown','Unknown','0','ç™»å½•æˆåŠŸ','2020-07-26 16:00:21'),(362,'admin','116.52.38.21','XX XX','Chrome 8','Windows 10','1','ç”¨æˆ·ä¸å­˜åœ¨/å¯†ç é”™è¯¯','2020-07-29 09:51:42'),(363,'admin','116.52.38.21','XX XX','Chrome 8','Windows 10','1','ç”¨æˆ·ä¸å­˜åœ¨/å¯†ç é”™è¯¯','2020-07-29 09:51:48'),(364,'admin','116.52.38.21','XX XX','Chrome 8','Windows 10','0','ç™»å½•æˆåŠŸ','2020-07-29 09:52:01'),(365,'122','124.160.213.53','XX XX','Unknown','Unknown','1','éªŒè¯ç å·²å¤±æ•ˆ','2020-08-10 06:49:48'),(366,'122','124.160.213.53','XX XX','Unknown','Unknown','1','éªŒè¯ç å·²å¤±æ•ˆ','2020-08-10 06:49:50'),(367,'122','124.160.213.53','XX XX','Unknown','Unknown','1','ç”¨æˆ·ä¸å­˜åœ¨/å¯†ç é”™è¯¯','2020-08-10 06:50:02'),(368,'username','124.160.213.53','XX XX','Unknown','Unknown','1','éªŒè¯ç å·²å¤±æ•ˆ','2020-08-10 06:53:37'),(369,'username','124.160.213.53','XX XX','Unknown','Unknown','1','ç”¨æˆ·ä¸å­˜åœ¨/å¯†ç é”™è¯¯','2020-08-10 06:53:53'),(370,'username','124.160.213.53','XX XX','Unknown','Unknown','1','éªŒè¯ç å·²å¤±æ•ˆ','2020-08-10 06:53:54'),(371,'username','124.160.213.53','XX XX','Unknown','Unknown','1','éªŒè¯ç å·²å¤±æ•ˆ','2020-08-10 06:53:54'),(372,'username','124.160.213.53','XX XX','Unknown','Unknown','1','éªŒè¯ç å·²å¤±æ•ˆ','2020-08-10 06:53:54'),(373,'root','220.191.52.164','XX XX','Unknown','Unknown','1','ç”¨æˆ·ä¸å­˜åœ¨/å¯†ç é”™è¯¯','2020-08-13 16:26:40'),(374,'root','220.191.52.164','XX XX','Unknown','Unknown','1','éªŒè¯ç å·²å¤±æ•ˆ','2020-08-13 16:26:42'),(375,'admin','39.130.57.36','XX XX','Unknown','Unknown','0','ç™»å½•æˆåŠŸ','2020-09-02 13:13:19'),(376,'admin','39.130.57.36','XX XX','Unknown','Unknown','0','ç™»å½•æˆåŠŸ','2020-09-02 14:36:26'),(377,'admin','127.0.0.1','å†…ç½‘IP','Chrome 8','Windows 10','1','ç”¨æˆ·ä¸å­˜åœ¨/å¯†ç é”™è¯¯','2020-09-03 02:36:34'),(378,'admin','127.0.0.1','å†…ç½‘IP','Chrome 8','Windows 10','0','ç™»å½•æˆåŠŸ','2020-09-03 02:36:53'),(379,'admin','127.0.0.1','å†…ç½‘IP','Chrome 8','Windows 10','0','é€€å‡ºæˆåŠŸ','2020-09-03 02:37:06'),(380,'admin','127.0.0.1','å†…ç½‘IP','Chrome 8','Windows 10','0','ç™»å½•æˆåŠŸ','2020-09-03 02:37:13'),(381,'admin','127.0.0.1','å†…ç½‘IP','Chrome 8','Windows 10','0','é€€å‡ºæˆåŠŸ','2020-09-03 02:47:18'),(382,'admin','127.0.0.1','å†…ç½‘IP','Chrome 8','Windows 10','1','éªŒè¯ç å·²å¤±æ•ˆ','2020-09-03 02:50:46'),(383,'admin','127.0.0.1','å†…ç½‘IP','Chrome 8','Windows 10','1','éªŒè¯ç å·²å¤±æ•ˆ','2020-09-03 02:52:11'),(384,'admin','127.0.0.1','å†…ç½‘IP','Chrome 8','Windows 10','1','éªŒè¯ç å·²å¤±æ•ˆ','2020-09-03 02:53:16'),(385,'admin','127.0.0.1','å†…ç½‘IP','Chrome 8','Windows 10','0','ç™»å½•æˆåŠŸ','2020-09-03 02:53:24'),(386,'admin','127.0.0.1','å†…ç½‘IP','Chrome 8','Windows 10','0','é€€å‡ºæˆåŠŸ','2020-09-03 02:57:01'),(387,'admin','127.0.0.1','å†…ç½‘IP','Chrome 8','Windows 10','0','ç™»å½•æˆåŠŸ','2020-09-03 02:57:09'),(388,'admin','127.0.0.1','å†…ç½‘IP','Chrome 8','Windows 10','0','é€€å‡ºæˆåŠŸ','2020-09-03 03:12:44'),(389,'admin','127.0.0.1','å†…ç½‘IP','Chrome 8','Windows 10','0','ç™»å½•æˆåŠŸ','2020-09-03 03:12:54'),(390,'admin','127.0.0.1','å†…ç½‘IP','Chrome 8','Windows 10','0','ç™»å½•æˆåŠŸ','2020-09-03 14:03:02'),(391,'admin','39.130.57.36','XX XX','Unknown','Unknown','0','ç™»å½•æˆåŠŸ','2020-09-03 14:05:15'),(392,'admin','39.130.57.36','XX XX','Unknown','Unknown','0','ç™»å½•æˆåŠŸ','2020-09-03 14:06:20'),(393,'admin','39.130.57.36','XX XX','Unknown','Unknown','1','éªŒè¯ç å·²å¤±æ•ˆ','2020-09-03 14:06:26'),(394,'admin','39.130.57.36','XX XX','Unknown','Unknown','0','ç™»å½•æˆåŠŸ','2020-09-03 14:06:37'),(395,'admin','39.130.57.36','XX XX','Unknown','Unknown','0','ç™»å½•æˆåŠŸ','2020-09-03 14:28:11'),(396,'admin','39.130.57.36','XX XX','Chrome 8','Windows 10','1','ç”¨æˆ·ä¸å­˜åœ¨/å¯†ç é”™è¯¯','2020-09-03 14:29:42'),(397,'admin','39.130.57.36','XX XX','Chrome 8','Windows 10','0','ç™»å½•æˆåŠŸ','2020-09-03 14:29:56'),(398,'admin','127.0.0.1','å†…ç½‘IP','Chrome 8','Windows 10','1','éªŒè¯ç é”™è¯¯','2020-09-03 15:02:50'),(399,'admin','127.0.0.1','å†…ç½‘IP','Chrome 8','Windows 10','1','éªŒè¯ç é”™è¯¯','2020-09-03 15:03:13'),(400,'admin','127.0.0.1','å†…ç½‘IP','Chrome 8','Windows 10','1','éªŒè¯ç é”™è¯¯','2020-09-03 15:03:53'),(401,'admin','127.0.0.1','å†…ç½‘IP','Chrome 8','Windows 10','1','éªŒè¯ç é”™è¯¯','2020-09-03 15:05:06'),(402,'admin','127.0.0.1','å†…ç½‘IP','Chrome 8','Windows 10','0','ç™»å½•æˆåŠŸ','2020-09-03 15:06:36'),(403,'admin','127.0.0.1','å†…ç½‘IP','Chrome 8','Windows 10','0','é€€å‡ºæˆåŠŸ','2020-09-03 15:06:42'),(404,'admin','127.0.0.1','å†…ç½‘IP','Chrome 8','Windows 10','0','ç™»å½•æˆåŠŸ','2020-09-03 15:06:51'),(405,'admin','127.0.0.1','å†…ç½‘IP','Chrome 8','Windows 10','0','é€€å‡ºæˆåŠŸ','2020-09-03 15:06:56'),(406,'admin','127.0.0.1','å†…ç½‘IP','Chrome 8','Windows 10','1','éªŒè¯ç é”™è¯¯','2020-09-03 15:07:00'),(407,'admin','127.0.0.1','å†…ç½‘IP','Chrome 8','Windows 10','0','ç™»å½•æˆåŠŸ','2020-09-03 15:07:06'),(408,'admin','39.130.57.36','XX XX','Chrome 8','Windows 10','1','ç”¨æˆ·ä¸å­˜åœ¨/å¯†ç é”™è¯¯','2020-09-03 15:16:00'),(409,'admin','39.130.57.36','XX XX','Chrome 8','Windows 10','0','ç™»å½•æˆåŠŸ','2020-09-03 15:16:08'),(410,'admin','39.130.57.36','XX XX','Unknown','Unknown','0','ç™»å½•æˆåŠŸ','2020-09-03 15:50:04'),(411,'admin','39.130.57.36','XX XX','Unknown','Unknown','0','ç™»å½•æˆåŠŸ','2020-09-03 15:50:28'),(412,'admin','39.130.57.36','XX XX','Unknown','Unknown','0','ç™»å½•æˆåŠŸ','2020-09-03 15:50:35'),(413,'admin','39.130.57.36','XX XX','Unknown','Unknown','0','ç™»å½•æˆåŠŸ','2020-09-03 16:08:25'),(414,'admin','39.130.57.36','XX XX','Unknown','Unknown','0','ç™»å½•æˆåŠŸ','2020-09-03 17:02:59'),(415,'admin','39.130.57.36','XX XX','Unknown','Unknown','0','ç™»å½•æˆåŠŸ','2020-09-03 18:23:18'),(416,'admin','39.130.57.36','XX XX','Unknown','Unknown','0','ç™»å½•æˆåŠŸ','2020-09-03 19:45:29'),(417,'admin','116.249.209.89','XX XX','Chrome Mobile','Android 5.x','0','ç™»å½•æˆåŠŸ','2020-09-04 02:06:54'),(418,'admin','39.130.57.36','XX XX','Unknown','Unknown','0','ç™»å½•æˆåŠŸ','2020-09-04 10:17:37'),(419,'admin','39.130.57.36','XX XX','Unknown','Unknown','0','ç™»å½•æˆåŠŸ','2020-09-04 15:35:09'),(420,'admin','39.130.57.36','XX XX','Unknown','Unknown','0','ç™»å½•æˆåŠŸ','2020-09-04 16:04:29'),(421,'admin','39.130.57.36','XX XX','Chrome 8','Windows 10','1','ç”¨æˆ·ä¸å­˜åœ¨/å¯†ç é”™è¯¯','2020-09-05 02:26:08'),(422,'admin','39.130.57.36','XX XX','Chrome 8','Windows 10','0','ç™»å½•æˆåŠŸ','2020-09-05 02:26:25'),(423,'admin','39.130.57.36','XX XX','Chrome 8','Windows 10','0','é€€å‡ºæˆåŠŸ','2020-09-05 02:27:08'),(424,'admin','39.130.57.36','XX XX','Chrome 8','Windows 10','0','ç™»å½•æˆåŠŸ','2020-09-05 02:27:17'),(425,'admin','127.0.0.1','å†…ç½‘IP','Chrome 47','Windows 7','0','ç™»å½•æˆåŠŸ','2021-05-16 22:33:01'),(426,'admin','127.0.0.1','å†…ç½‘IP','Chrome 47','Windows 7','0','ç™»å½•æˆåŠŸ','2021-05-16 22:33:39'),(427,'admin','127.0.0.1','å†…ç½‘IP','Chrome 47','Windows 7','0','ç™»å½•æˆåŠŸ','2021-05-16 22:34:20'),(428,'admin','127.0.0.1','å†…ç½‘IP','Chrome 47','Windows 7','0','ç™»å½•æˆåŠŸ','2021-05-16 22:36:25'),(429,'admin','127.0.0.1','å†…ç½‘IP','Chrome 47','Windows 7','0','ç™»å½•æˆåŠŸ','2021-05-16 22:38:39'),(430,'admin','127.0.0.1','å†…ç½‘IP','Chrome 47','Windows 7','0','ç™»å½•æˆåŠŸ','2021-05-16 22:40:29'),(431,'admin','127.0.0.1','å†…ç½‘IP','Chrome 47','Windows 7','0','ç™»å½•æˆåŠŸ','2021-05-16 22:41:05'),(432,'admin','127.0.0.1','å†…ç½‘IP','Chrome 47','Windows 7','0','ç™»å½•æˆåŠŸ','2021-05-16 22:43:22'),(433,'admin','127.0.0.1','å†…ç½‘IP','Chrome 47','Windows 7','0','ç™»å½•æˆåŠŸ','2021-05-16 22:44:51'),(434,'admin','127.0.0.1','å†…ç½‘IP','Chrome 47','Windows 7','0','ç™»å½•æˆåŠŸ','2021-05-16 22:53:27'),(435,'admin','127.0.0.1','å†…ç½‘IP','Chrome 9','Windows 7','0','ç™»å½•æˆåŠŸ','2021-10-01 02:05:55'),(436,'admin','127.0.0.1','å†…ç½‘IP','Chrome 9','Windows 7','0','é€€å‡ºæˆåŠŸ','2021-10-01 02:15:15'),(437,'admin','127.0.0.1','å†…ç½‘IP','Chrome 9','Windows 7','1','ç”¨æˆ·ä¸å­˜åœ¨/å¯†ç é”™è¯¯','2021-10-01 02:15:39');

/*Table structure for table `sys_menu` */

DROP TABLE IF EXISTS `sys_menu`;

CREATE TABLE `sys_menu` (
  `menu_id` bigint(20) NOT NULL AUTO_INCREMENT COMMENT 'èœå•ID',
  `menu_name` varchar(50) NOT NULL COMMENT 'èœå•åç§°',
  `parent_id` bigint(20) DEFAULT '0' COMMENT 'çˆ¶èœå•ID',
  `order_num` int(4) DEFAULT '0' COMMENT 'æ˜¾ç¤ºé¡ºåº',
  `path` varchar(200) DEFAULT '' COMMENT 'è·¯ç”±åœ°å€',
  `component` varchar(255) DEFAULT NULL COMMENT 'ç»„ä»¶è·¯å¾„',
  `is_frame` int(1) DEFAULT '1' COMMENT 'æ˜¯å¦ä¸ºå¤–é“¾ï¼ˆ0æ˜¯ 1å¦ï¼‰',
  `menu_type` char(1) DEFAULT '' COMMENT 'èœå•ç±»å‹ï¼ˆMç›®å½• Cèœå• FæŒ‰é’®ï¼‰',
  `visible` char(1) DEFAULT '0' COMMENT 'èœå•çŠ¶æ€ï¼ˆ0æ˜¾ç¤º 1éšè—ï¼‰',
  `status` char(1) NOT NULL COMMENT 'èœå•çŠ¶æ€ï¼ˆ0æ­£å¸¸ 1åœç”¨ï¼‰',
  `perms` varchar(100) DEFAULT NULL COMMENT 'æƒé™æ ‡è¯†',
  `icon` varchar(100) DEFAULT '#' COMMENT 'èœå•å›¾æ ‡',
  `create_by` varchar(64) DEFAULT '' COMMENT 'åˆ›å»ºè€…',
  `create_time` datetime DEFAULT NULL COMMENT 'åˆ›å»ºæ—¶é—´',
  `update_by` varchar(64) DEFAULT '' COMMENT 'æ›´æ–°è€…',
  `update_time` datetime DEFAULT NULL COMMENT 'æ›´æ–°æ—¶é—´',
  `remark` varchar(500) DEFAULT '' COMMENT 'å¤‡æ³¨',
  PRIMARY KEY (`menu_id`)
) ENGINE=InnoDB AUTO_INCREMENT=2007 DEFAULT CHARSET=utf8 COMMENT='èœå•æƒé™è¡¨';

/*Data for the table `sys_menu` */

insert  into `sys_menu`(`menu_id`,`menu_name`,`parent_id`,`order_num`,`path`,`component`,`is_frame`,`menu_type`,`visible`,`status`,`perms`,`icon`,`create_by`,`create_time`,`update_by`,`update_time`,`remark`) values (1,'ç³»ç»Ÿç®¡ç†',0,1,'system',NULL,1,'M','0','0','','system','admin','2018-03-16 11:33:00','ry','2018-03-16 11:33:00','ç³»ç»Ÿç®¡ç†ç›®å½•'),(2,'ç³»ç»Ÿç›‘æ§',0,2,'monitor',NULL,1,'M','0','0','','monitor','admin','2018-03-16 11:33:00','ry','2018-03-16 11:33:00','ç³»ç»Ÿç›‘æ§ç›®å½•'),(3,'ç³»ç»Ÿå·¥å…·',0,3,'tool',NULL,1,'M','0','0','','tool','admin','2018-03-16 11:33:00','ry','2018-03-16 11:33:00','ç³»ç»Ÿå·¥å…·ç›®å½•'),(4,'KWSWITCH',0,4,'#',NULL,0,'M','0','1','','guide','admin','2018-03-16 11:33:00','admin','2020-04-27 07:49:27','è‹¥ä¾å®˜ç½‘åœ°å€'),(100,'ç”¨æˆ·ç®¡ç†',1,1,'user','system/user/index',1,'C','0','0','system:user:list','user','admin','2018-03-16 11:33:00','ry','2018-03-16 11:33:00','ç”¨æˆ·ç®¡ç†èœå•'),(101,'è§’è‰²ç®¡ç†',1,2,'role','system/role/index',1,'C','0','0','system:role:list','peoples','admin','2018-03-16 11:33:00','ry','2018-03-16 11:33:00','è§’è‰²ç®¡ç†èœå•'),(102,'èœå•ç®¡ç†',1,3,'menu','system/menu/index',1,'C','0','0','system:menu:list','tree-table','admin','2018-03-16 11:33:00','ry','2018-03-16 11:33:00','èœå•ç®¡ç†èœå•'),(103,'éƒ¨é—¨ç®¡ç†',1,4,'dept','system/dept/index',1,'C','0','0','system:dept:list','tree','admin','2018-03-16 11:33:00','ry','2018-03-16 11:33:00','éƒ¨é—¨ç®¡ç†èœå•'),(104,'å²—ä½ç®¡ç†',1,5,'post','system/post/index',1,'C','0','0','system:post:list','post','admin','2018-03-16 11:33:00','ry','2018-03-16 11:33:00','å²—ä½ç®¡ç†èœå•'),(105,'å­—å…¸ç®¡ç†',1,6,'dict','system/dict/index',1,'C','0','0','system:dict:list','dict','admin','2018-03-16 11:33:00','ry','2018-03-16 11:33:00','å­—å…¸ç®¡ç†èœå•'),(106,'å‚æ•°è®¾ç½®',1,7,'config','system/config/index',1,'C','0','0','system:config:list','edit','admin','2018-03-16 11:33:00','ry','2018-03-16 11:33:00','å‚æ•°è®¾ç½®èœå•'),(107,'é€šçŸ¥å…¬å‘Š',1,8,'notice','system/notice/index',1,'C','0','0','system:notice:list','message','admin','2018-03-16 11:33:00','ry','2018-03-16 11:33:00','é€šçŸ¥å…¬å‘Šèœå•'),(108,'æ—¥å¿—ç®¡ç†',1,9,'log','system/log/index',1,'M','0','0','','log','admin','2018-03-16 11:33:00','ry','2018-03-16 11:33:00','æ—¥å¿—ç®¡ç†èœå•'),(109,'åœ¨çº¿ç”¨æˆ·',2,1,'online','monitor/online/index',1,'C','0','0','monitor:online:list','online','admin','2018-03-16 11:33:00','ry','2018-03-16 11:33:00','åœ¨çº¿ç”¨æˆ·èœå•'),(110,'å®šæ—¶ä»»åŠ¡',2,2,'job','monitor/job/index',1,'C','0','0','monitor:job:list','job','admin','2018-03-16 11:33:00','ry','2018-03-16 11:33:00','å®šæ—¶ä»»åŠ¡èœå•'),(111,'æ•°æ®ç›‘æ§',2,3,'druid','monitor/druid/index',1,'C','0','0','monitor:druid:list','druid','admin','2018-03-16 11:33:00','ry','2018-03-16 11:33:00','æ•°æ®ç›‘æ§èœå•'),(112,'æœåŠ¡ç›‘æ§',2,4,'server','monitor/server/index',1,'C','0','0','monitor:server:list','server','admin','2018-03-16 11:33:00','ry','2018-03-16 11:33:00','æœåŠ¡ç›‘æ§èœå•'),(113,'è¡¨å•æ„å»º',3,1,'build','tool/build/index',1,'C','0','0','tool:build:list','build','admin','2018-03-16 11:33:00','ry','2018-03-16 11:33:00','è¡¨å•æ„å»ºèœå•'),(114,'ä»£ç ç”Ÿæˆ',3,2,'gen','tool/gen/index',1,'C','0','0','tool:gen:list','code','admin','2018-03-16 11:33:00','ry','2018-03-16 11:33:00','ä»£ç ç”Ÿæˆèœå•'),(115,'ç³»ç»Ÿæ¥å£',3,3,'swagger','tool/swagger/index',1,'C','0','0','tool:swagger:list','swagger','admin','2018-03-16 11:33:00','ry','2018-03-16 11:33:00','ç³»ç»Ÿæ¥å£èœå•'),(500,'æ“ä½œæ—¥å¿—',108,1,'operlog','monitor/operlog/index',1,'C','0','0','monitor:operlog:list','form','admin','2018-03-16 11:33:00','ry','2018-03-16 11:33:00','æ“ä½œæ—¥å¿—èœå•'),(501,'ç™»å½•æ—¥å¿—',108,2,'logininfor','monitor/logininfor/index',1,'C','0','0','monitor:logininfor:list','logininfor','admin','2018-03-16 11:33:00','ry','2018-03-16 11:33:00','ç™»å½•æ—¥å¿—èœå•'),(1001,'ç”¨æˆ·æŸ¥è¯¢',100,1,'','',1,'F','0','0','system:user:query','#','admin','2018-03-16 11:33:00','ry','2018-03-16 11:33:00',''),(1002,'ç”¨æˆ·æ–°å¢',100,2,'','',1,'F','0','0','system:user:add','#','admin','2018-03-16 11:33:00','ry','2018-03-16 11:33:00',''),(1003,'ç”¨æˆ·ä¿®æ”¹',100,3,'','',1,'F','0','0','system:user:edit','#','admin','2018-03-16 11:33:00','ry','2018-03-16 11:33:00',''),(1004,'ç”¨æˆ·åˆ é™¤',100,4,'','',1,'F','0','0','system:user:remove','#','admin','2018-03-16 11:33:00','ry','2018-03-16 11:33:00',''),(1005,'ç”¨æˆ·å¯¼å‡º',100,5,'','',1,'F','0','0','system:user:export','#','admin','2018-03-16 11:33:00','ry','2018-03-16 11:33:00',''),(1006,'ç”¨æˆ·å¯¼å…¥',100,6,'','',1,'F','0','0','system:user:import','#','admin','2018-03-16 11:33:00','ry','2018-03-16 11:33:00',''),(1007,'é‡ç½®å¯†ç ',100,7,'','',1,'F','0','0','system:user:resetPwd','#','admin','2018-03-16 11:33:00','ry','2018-03-16 11:33:00',''),(1008,'è§’è‰²æŸ¥è¯¢',101,1,'','',1,'F','0','0','system:role:query','#','admin','2018-03-16 11:33:00','ry','2018-03-16 11:33:00',''),(1009,'è§’è‰²æ–°å¢',101,2,'','',1,'F','0','0','system:role:add','#','admin','2018-03-16 11:33:00','ry','2018-03-16 11:33:00',''),(1010,'è§’è‰²ä¿®æ”¹',101,3,'','',1,'F','0','0','system:role:edit','#','admin','2018-03-16 11:33:00','ry','2018-03-16 11:33:00',''),(1011,'è§’è‰²åˆ é™¤',101,4,'','',1,'F','0','0','system:role:remove','#','admin','2018-03-16 11:33:00','ry','2018-03-16 11:33:00',''),(1012,'è§’è‰²å¯¼å‡º',101,5,'','',1,'F','0','0','system:role:export','#','admin','2018-03-16 11:33:00','ry','2018-03-16 11:33:00',''),(1013,'èœå•æŸ¥è¯¢',102,1,'','',1,'F','0','0','system:menu:query','#','admin','2018-03-16 11:33:00','ry','2018-03-16 11:33:00',''),(1014,'èœå•æ–°å¢',102,2,'','',1,'F','0','0','system:menu:add','#','admin','2018-03-16 11:33:00','ry','2018-03-16 11:33:00',''),(1015,'èœå•ä¿®æ”¹',102,3,'','',1,'F','0','0','system:menu:edit','#','admin','2018-03-16 11:33:00','ry','2018-03-16 11:33:00',''),(1016,'èœå•åˆ é™¤',102,4,'','',1,'F','0','0','system:menu:remove','#','admin','2018-03-16 11:33:00','ry','2018-03-16 11:33:00',''),(1017,'éƒ¨é—¨æŸ¥è¯¢',103,1,'','',1,'F','0','0','system:dept:query','#','admin','2018-03-16 11:33:00','ry','2018-03-16 11:33:00',''),(1018,'éƒ¨é—¨æ–°å¢',103,2,'','',1,'F','0','0','system:dept:add','#','admin','2018-03-16 11:33:00','ry','2018-03-16 11:33:00',''),(1019,'éƒ¨é—¨ä¿®æ”¹',103,3,'','',1,'F','0','0','system:dept:edit','#','admin','2018-03-16 11:33:00','ry','2018-03-16 11:33:00',''),(1020,'éƒ¨é—¨åˆ é™¤',103,4,'','',1,'F','0','0','system:dept:remove','#','admin','2018-03-16 11:33:00','ry','2018-03-16 11:33:00',''),(1021,'å²—ä½æŸ¥è¯¢',104,1,'','',1,'F','0','0','system:post:query','#','admin','2018-03-16 11:33:00','ry','2018-03-16 11:33:00',''),(1022,'å²—ä½æ–°å¢',104,2,'','',1,'F','0','0','system:post:add','#','admin','2018-03-16 11:33:00','ry','2018-03-16 11:33:00',''),(1023,'å²—ä½ä¿®æ”¹',104,3,'','',1,'F','0','0','system:post:edit','#','admin','2018-03-16 11:33:00','ry','2018-03-16 11:33:00',''),(1024,'å²—ä½åˆ é™¤',104,4,'','',1,'F','0','0','system:post:remove','#','admin','2018-03-16 11:33:00','ry','2018-03-16 11:33:00',''),(1025,'å²—ä½å¯¼å‡º',104,5,'','',1,'F','0','0','system:post:export','#','admin','2018-03-16 11:33:00','ry','2018-03-16 11:33:00',''),(1026,'å­—å…¸æŸ¥è¯¢',105,1,'#','',1,'F','0','0','system:dict:query','#','admin','2018-03-16 11:33:00','ry','2018-03-16 11:33:00',''),(1027,'å­—å…¸æ–°å¢',105,2,'#','',1,'F','0','0','system:dict:add','#','admin','2018-03-16 11:33:00','ry','2018-03-16 11:33:00',''),(1028,'å­—å…¸ä¿®æ”¹',105,3,'#','',1,'F','0','0','system:dict:edit','#','admin','2018-03-16 11:33:00','ry','2018-03-16 11:33:00',''),(1029,'å­—å…¸åˆ é™¤',105,4,'#','',1,'F','0','0','system:dict:remove','#','admin','2018-03-16 11:33:00','ry','2018-03-16 11:33:00',''),(1030,'å­—å…¸å¯¼å‡º',105,5,'#','',1,'F','0','0','system:dict:export','#','admin','2018-03-16 11:33:00','ry','2018-03-16 11:33:00',''),(1031,'å‚æ•°æŸ¥è¯¢',106,1,'#','',1,'F','0','0','system:config:query','#','admin','2018-03-16 11:33:00','ry','2018-03-16 11:33:00',''),(1032,'å‚æ•°æ–°å¢',106,2,'#','',1,'F','0','0','system:config:add','#','admin','2018-03-16 11:33:00','ry','2018-03-16 11:33:00',''),(1033,'å‚æ•°ä¿®æ”¹',106,3,'#','',1,'F','0','0','system:config:edit','#','admin','2018-03-16 11:33:00','ry','2018-03-16 11:33:00',''),(1034,'å‚æ•°åˆ é™¤',106,4,'#','',1,'F','0','0','system:config:remove','#','admin','2018-03-16 11:33:00','ry','2018-03-16 11:33:00',''),(1035,'å‚æ•°å¯¼å‡º',106,5,'#','',1,'F','0','0','system:config:export','#','admin','2018-03-16 11:33:00','ry','2018-03-16 11:33:00',''),(1036,'å…¬å‘ŠæŸ¥è¯¢',107,1,'#','',1,'F','0','0','system:notice:query','#','admin','2018-03-16 11:33:00','ry','2018-03-16 11:33:00',''),(1037,'å…¬å‘Šæ–°å¢',107,2,'#','',1,'F','0','0','system:notice:add','#','admin','2018-03-16 11:33:00','ry','2018-03-16 11:33:00',''),(1038,'å…¬å‘Šä¿®æ”¹',107,3,'#','',1,'F','0','0','system:notice:edit','#','admin','2018-03-16 11:33:00','ry','2018-03-16 11:33:00',''),(1039,'å…¬å‘Šåˆ é™¤',107,4,'#','',1,'F','0','0','system:notice:remove','#','admin','2018-03-16 11:33:00','ry','2018-03-16 11:33:00',''),(1040,'æ“ä½œæŸ¥è¯¢',500,1,'#','',1,'F','0','0','monitor:operlog:query','#','admin','2018-03-16 11:33:00','ry','2018-03-16 11:33:00',''),(1041,'æ“ä½œåˆ é™¤',500,2,'#','',1,'F','0','0','monitor:operlog:remove','#','admin','2018-03-16 11:33:00','ry','2018-03-16 11:33:00',''),(1042,'æ—¥å¿—å¯¼å‡º',500,4,'#','',1,'F','0','0','monitor:operlog:export','#','admin','2018-03-16 11:33:00','ry','2018-03-16 11:33:00',''),(1043,'ç™»å½•æŸ¥è¯¢',501,1,'#','',1,'F','0','0','monitor:logininfor:query','#','admin','2018-03-16 11:33:00','ry','2018-03-16 11:33:00',''),(1044,'ç™»å½•åˆ é™¤',501,2,'#','',1,'F','0','0','monitor:logininfor:remove','#','admin','2018-03-16 11:33:00','ry','2018-03-16 11:33:00',''),(1045,'æ—¥å¿—å¯¼å‡º',501,3,'#','',1,'F','0','0','monitor:logininfor:export','#','admin','2018-03-16 11:33:00','ry','2018-03-16 11:33:00',''),(1046,'åœ¨çº¿æŸ¥è¯¢',109,1,'#','',1,'F','0','0','monitor:online:query','#','admin','2018-03-16 11:33:00','ry','2018-03-16 11:33:00',''),(1047,'æ‰¹é‡å¼ºé€€',109,2,'#','',1,'F','0','0','monitor:online:batchLogout','#','admin','2018-03-16 11:33:00','ry','2018-03-16 11:33:00',''),(1048,'å•æ¡å¼ºé€€',109,3,'#','',1,'F','0','0','monitor:online:forceLogout','#','admin','2018-03-16 11:33:00','ry','2018-03-16 11:33:00',''),(1049,'ä»»åŠ¡æŸ¥è¯¢',110,1,'#','',1,'F','0','0','monitor:job:query','#','admin','2018-03-16 11:33:00','ry','2018-03-16 11:33:00',''),(1050,'ä»»åŠ¡æ–°å¢',110,2,'#','',1,'F','0','0','monitor:job:add','#','admin','2018-03-16 11:33:00','ry','2018-03-16 11:33:00',''),(1051,'ä»»åŠ¡ä¿®æ”¹',110,3,'#','',1,'F','0','0','monitor:job:edit','#','admin','2018-03-16 11:33:00','ry','2018-03-16 11:33:00',''),(1052,'ä»»åŠ¡åˆ é™¤',110,4,'#','',1,'F','0','0','monitor:job:remove','#','admin','2018-03-16 11:33:00','ry','2018-03-16 11:33:00',''),(1053,'çŠ¶æ€ä¿®æ”¹',110,5,'#','',1,'F','0','0','monitor:job:changeStatus','#','admin','2018-03-16 11:33:00','ry','2018-03-16 11:33:00',''),(1054,'ä»»åŠ¡å¯¼å‡º',110,7,'#','',1,'F','0','0','monitor:job:export','#','admin','2018-03-16 11:33:00','ry','2018-03-16 11:33:00',''),(1055,'ç”ŸæˆæŸ¥è¯¢',114,1,'#','',1,'F','0','0','tool:gen:query','#','admin','2018-03-16 11:33:00','ry','2018-03-16 11:33:00',''),(1056,'ç”Ÿæˆä¿®æ”¹',114,2,'#','',1,'F','0','0','tool:gen:edit','#','admin','2018-03-16 11:33:00','ry','2018-03-16 11:33:00',''),(1057,'ç”Ÿæˆåˆ é™¤',114,3,'#','',1,'F','0','0','tool:gen:remove','#','admin','2018-03-16 11:33:00','ry','2018-03-16 11:33:00',''),(1058,'å¯¼å…¥ä»£ç ',114,2,'#','',1,'F','0','0','tool:gen:import','#','admin','2018-03-16 11:33:00','ry','2018-03-16 11:33:00',''),(1059,'é¢„è§ˆä»£ç ',114,4,'#','',1,'F','0','0','tool:gen:preview','#','admin','2018-03-16 11:33:00','ry','2018-03-16 11:33:00',''),(1060,'ç”Ÿæˆä»£ç ',114,5,'#','',1,'F','0','0','tool:gen:code','#','admin','2018-03-16 11:33:00','ry','2018-03-16 11:33:00',''),(2000,'æ™ºèƒ½å¼€å…³',2006,1,'switch','switch/switch/index',1,'C','0','0','kwswitch:switch:list','switch','admin','2018-03-01 00:00:00','admin','2020-04-23 15:14:41','æ™ºèƒ½å¼€å…³èœå•'),(2001,'æ™ºèƒ½å¼€å…³æŸ¥è¯¢',2000,1,'#','',1,'F','0','0','kwswitch:switch:query','#','admin','2018-03-01 00:00:00','ry','2018-03-01 00:00:00',''),(2002,'æ™ºèƒ½å¼€å…³æ–°å¢',2000,2,'#','',1,'F','0','0','kwswitch:switch:add','#','admin','2018-03-01 00:00:00','ry','2018-03-01 00:00:00',''),(2003,'æ™ºèƒ½å¼€å…³ä¿®æ”¹',2000,3,'#','',1,'F','0','0','kwswitch:switch:edit','#','admin','2018-03-01 00:00:00','ry','2018-03-01 00:00:00',''),(2004,'æ™ºèƒ½å¼€å…³åˆ é™¤',2000,4,'#','',1,'F','0','0','kwswitch:switch:remove','#','admin','2018-03-01 00:00:00','ry','2018-03-01 00:00:00',''),(2005,'æ™ºèƒ½å¼€å…³å¯¼å‡º',2000,5,'#','',1,'F','0','0','kwswitch:switch:export','#','admin','2018-03-01 00:00:00','ry','2018-03-01 00:00:00',''),(2006,'ç‰©è”ç½‘',0,0,'iot',NULL,1,'M','0','0','','online','admin','2020-04-23 15:13:52','admin','2020-04-23 15:14:12','');

/*Table structure for table `sys_notice` */

DROP TABLE IF EXISTS `sys_notice`;

CREATE TABLE `sys_notice` (
  `notice_id` int(4) NOT NULL AUTO_INCREMENT COMMENT 'å…¬å‘ŠID',
  `notice_title` varchar(50) NOT NULL COMMENT 'å…¬å‘Šæ ‡é¢˜',
  `notice_type` char(1) NOT NULL COMMENT 'å…¬å‘Šç±»å‹ï¼ˆ1é€šçŸ¥ 2å…¬å‘Šï¼‰',
  `notice_content` varchar(2000) DEFAULT NULL COMMENT 'å…¬å‘Šå†…å®¹',
  `status` char(1) DEFAULT '0' COMMENT 'å…¬å‘ŠçŠ¶æ€ï¼ˆ0æ­£å¸¸ 1å…³é—­ï¼‰',
  `create_by` varchar(64) DEFAULT '' COMMENT 'åˆ›å»ºè€…',
  `create_time` datetime DEFAULT NULL COMMENT 'åˆ›å»ºæ—¶é—´',
  `update_by` varchar(64) DEFAULT '' COMMENT 'æ›´æ–°è€…',
  `update_time` datetime DEFAULT NULL COMMENT 'æ›´æ–°æ—¶é—´',
  `remark` varchar(255) DEFAULT NULL COMMENT 'å¤‡æ³¨',
  PRIMARY KEY (`notice_id`)
) ENGINE=InnoDB AUTO_INCREMENT=3 DEFAULT CHARSET=utf8 COMMENT='é€šçŸ¥å…¬å‘Šè¡¨';

/*Data for the table `sys_notice` */

insert  into `sys_notice`(`notice_id`,`notice_title`,`notice_type`,`notice_content`,`status`,`create_by`,`create_time`,`update_by`,`update_time`,`remark`) values (1,'æ¸©é¦¨æé†’ï¼š2018-07-01 è‹¥ä¾æ–°ç‰ˆæœ¬å‘å¸ƒå•¦','2','æ–°ç‰ˆæœ¬å†…å®¹','0','admin','2018-03-16 11:33:00','ry','2018-03-16 11:33:00','ç®¡ç†å‘˜'),(2,'ç»´æŠ¤é€šçŸ¥ï¼š2018-07-01 è‹¥ä¾ç³»ç»Ÿå‡Œæ™¨ç»´æŠ¤','1','ç»´æŠ¤å†…å®¹','0','admin','2018-03-16 11:33:00','ry','2018-03-16 11:33:00','ç®¡ç†å‘˜');

/*Table structure for table `sys_oper_log` */

DROP TABLE IF EXISTS `sys_oper_log`;

CREATE TABLE `sys_oper_log` (
  `oper_id` bigint(20) NOT NULL AUTO_INCREMENT COMMENT 'æ—¥å¿—ä¸»é”®',
  `title` varchar(50) DEFAULT '' COMMENT 'æ¨¡å—æ ‡é¢˜',
  `business_type` int(2) DEFAULT '0' COMMENT 'ä¸šåŠ¡ç±»å‹ï¼ˆ0å…¶å®ƒ 1æ–°å¢ 2ä¿®æ”¹ 3åˆ é™¤ï¼‰',
  `method` varchar(100) DEFAULT '' COMMENT 'æ–¹æ³•åç§°',
  `request_method` varchar(10) DEFAULT '' COMMENT 'è¯·æ±‚æ–¹å¼',
  `operator_type` int(1) DEFAULT '0' COMMENT 'æ“ä½œç±»åˆ«ï¼ˆ0å…¶å®ƒ 1åå°ç”¨æˆ· 2æ‰‹æœºç«¯ç”¨æˆ·ï¼‰',
  `oper_name` varchar(50) DEFAULT '' COMMENT 'æ“ä½œäººå‘˜',
  `dept_name` varchar(50) DEFAULT '' COMMENT 'éƒ¨é—¨åç§°',
  `oper_url` varchar(255) DEFAULT '' COMMENT 'è¯·æ±‚URL',
  `oper_ip` varchar(50) DEFAULT '' COMMENT 'ä¸»æœºåœ°å€',
  `oper_location` varchar(255) DEFAULT '' COMMENT 'æ“ä½œåœ°ç‚¹',
  `oper_param` varchar(2000) DEFAULT '' COMMENT 'è¯·æ±‚å‚æ•°',
  `json_result` varchar(2000) DEFAULT '' COMMENT 'è¿”å›å‚æ•°',
  `status` int(1) DEFAULT '0' COMMENT 'æ“ä½œçŠ¶æ€ï¼ˆ0æ­£å¸¸ 1å¼‚å¸¸ï¼‰',
  `error_msg` varchar(2000) DEFAULT '' COMMENT 'é”™è¯¯æ¶ˆæ¯',
  `oper_time` datetime DEFAULT NULL COMMENT 'æ“ä½œæ—¶é—´',
  PRIMARY KEY (`oper_id`)
) ENGINE=InnoDB AUTO_INCREMENT=143 DEFAULT CHARSET=utf8 COMMENT='æ“ä½œæ—¥å¿—è®°å½•';

/*Data for the table `sys_oper_log` */

insert  into `sys_oper_log`(`oper_id`,`title`,`business_type`,`method`,`request_method`,`operator_type`,`oper_name`,`dept_name`,`oper_url`,`oper_ip`,`oper_location`,`oper_param`,`json_result`,`status`,`error_msg`,`oper_time`) values (100,'ä»£ç ç”Ÿæˆ',6,'com.ruoyi.project.tool.gen.controller.GenController.importTableSave()','POST',1,'admin',NULL,'/tool/gen/importTable','192.168.40.1','å†…ç½‘IP','kw_switch','{\"msg\":\"æ“ä½œæˆåŠŸ\",\"code\":200}',0,NULL,'2020-04-23 12:29:42'),(101,'ä»£ç ç”Ÿæˆ',2,'com.ruoyi.project.tool.gen.controller.GenController.editSave()','PUT',1,'admin',NULL,'/tool/gen','192.168.40.1','å†…ç½‘IP','{\"functionAuthor\":\"kerwincui\",\"columns\":[{\"usableColumn\":false,\"columnId\":1,\"isIncrement\":\"1\",\"increment\":true,\"insert\":true,\"dictType\":\"\",\"required\":false,\"superColumn\":false,\"updateBy\":\"\",\"isInsert\":\"1\",\"javaField\":\"deviceId\",\"htmlType\":\"input\",\"edit\":false,\"query\":false,\"columnComment\":\"è®¾å¤‡ID\",\"sort\":1,\"list\":false,\"params\":{},\"javaType\":\"Long\",\"queryType\":\"EQ\",\"columnType\":\"bigint(20)\",\"createBy\":\"admin\",\"isPk\":\"1\",\"createTime\":1587616182000,\"tableId\":1,\"pk\":true,\"columnName\":\"device_id\"},{\"usableColumn\":false,\"columnId\":2,\"isIncrement\":\"0\",\"increment\":false,\"insert\":true,\"isList\":\"1\",\"dictType\":\"\",\"required\":true,\"superColumn\":false,\"updateBy\":\"\",\"isInsert\":\"1\",\"isRequired\":\"1\",\"javaField\":\"deviceName\",\"htmlType\":\"input\",\"edit\":true,\"query\":true,\"columnComment\":\"è®¾å¤‡åç§°\",\"isQuery\":\"1\",\"sort\":2,\"list\":true,\"params\":{},\"javaType\":\"String\",\"queryType\":\"LIKE\",\"columnType\":\"varchar(32)\",\"createBy\":\"admin\",\"isPk\":\"0\",\"createTime\":1587616182000,\"isEdit\":\"1\",\"tableId\":1,\"pk\":false,\"columnName\":\"device_name\"},{\"usableColumn\":false,\"columnId\":3,\"isIncrement\":\"0\",\"increment\":false,\"insert\":true,\"isList\":\"1\",\"dictType\":\"\",\"required\":false,\"superColumn\":false,\"updateBy\":\"\",\"isInsert\":\"1\",\"javaField\":\"monitorValue\",\"htmlType\":\"input\",\"edit\":true,\"query\":false,\"columnComment\":\"ç›‘æµ‹å€¼\",\"sort\":3,\"list\":true,\"params\":{},\"javaType\":\"String\",\"queryType\":\"EQ\",\"columnType\":\"varchar(160)\",\"createBy\":\"admin\",\"isPk\":\"0\",\"createTime\":1587616182000,\"isEdit\":\"1\",\"tableId\":1,\"pk\":false,\"columnName\":\"monitor_value\"},{\"usableColumn\":false,\"columnId\":4,\"isIncrement\":\"0\",\"increment\":false,\"insert\":true,\"dictType\":\"\",\"required\":true,\"superColumn\":false,\"updateBy\":\"\",\"isInsert\":\"1\",\"isRequired\":\"1\",\"javaField\":\"apiKey\",\"htmlType\":\"input\",\"edit\":false,\"query\":false,\"columnComment\":\"APIKEY\",\"sort\":4,\"list\":false,\"params\":{},\"javaType\":\"String\",\"queryType\":\"EQ\",\"columnType\":\"varchar(32)\",\"createBy\":\"admin\",\"isPk\":\"0\",\"createTime\":1587616182000,\"tableId\":1,\"pk\":false,\"columnName\":\"api_key\"},{\"usableColumn\"','{\"msg\":\"æ“ä½œæˆåŠŸ\",\"code\":200}',0,NULL,'2020-04-23 12:39:00'),(102,'å­—å…¸ç±»å‹',1,'com.ruoyi.project.system.controller.SysDictTypeController.add()','POST',1,'admin',NULL,'/system/dict/type','192.168.40.1','å†…ç½‘IP','{\"params\":{},\"dictType\":\"device_category\",\"createBy\":\"admin\",\"dictName\":\"è®¾å¤‡åˆ†ç±»\",\"status\":\"0\"}','{\"msg\":\"æ“ä½œæˆåŠŸ\",\"code\":200}',0,NULL,'2020-04-23 12:40:17'),(103,'å­—å…¸æ•°æ®',1,'com.ruoyi.project.system.controller.SysDictDataController.add()','POST',1,'admin',NULL,'/system/dict/data','192.168.40.1','å†…ç½‘IP','{\"dictValue\":\"1\",\"dictSort\":0,\"params\":{},\"dictType\":\"device_category\",\"dictLabel\":\"å•è·¯\",\"createBy\":\"admin\",\"default\":false,\"status\":\"0\"}','{\"msg\":\"æ“ä½œæˆåŠŸ\",\"code\":200}',0,NULL,'2020-04-23 12:43:03'),(104,'å­—å…¸æ•°æ®',1,'com.ruoyi.project.system.controller.SysDictDataController.add()','POST',1,'admin',NULL,'/system/dict/data','192.168.40.1','å†…ç½‘IP','{\"dictValue\":\"2\",\"dictSort\":2,\"params\":{},\"dictType\":\"device_category\",\"dictLabel\":\"åŒè·¯\",\"createBy\":\"admin\",\"default\":false,\"status\":\"0\"}','{\"msg\":\"æ“ä½œæˆåŠŸ\",\"code\":200}',0,NULL,'2020-04-23 12:43:18'),(105,'å­—å…¸æ•°æ®',2,'com.ruoyi.project.system.controller.SysDictDataController.edit()','PUT',1,'admin',NULL,'/system/dict/data','192.168.40.1','å†…ç½‘IP','{\"dictValue\":\"1\",\"dictSort\":1,\"params\":{},\"dictType\":\"device_category\",\"dictLabel\":\"å•è·¯\",\"createBy\":\"admin\",\"default\":false,\"isDefault\":\"N\",\"createTime\":1587616983000,\"dictCode\":100,\"updateBy\":\"admin\",\"status\":\"0\"}','{\"msg\":\"æ“ä½œæˆåŠŸ\",\"code\":200}',0,NULL,'2020-04-23 12:43:26'),(106,'å­—å…¸ç±»å‹',1,'com.ruoyi.project.system.controller.SysDictTypeController.add()','POST',1,'admin',NULL,'/system/dict/type','192.168.40.1','å†…ç½‘IP','{\"params\":{},\"dictType\":\"sensor\",\"createBy\":\"admin\",\"dictName\":\"ä¼ æ„Ÿå™¨\",\"status\":\"0\"}','{\"msg\":\"æ“ä½œæˆåŠŸ\",\"code\":200}',0,NULL,'2020-04-23 12:46:19'),(107,'å­—å…¸æ•°æ®',1,'com.ruoyi.project.system.controller.SysDictDataController.add()','POST',1,'admin',NULL,'/system/dict/data','192.168.40.1','å†…ç½‘IP','{\"dictValue\":\"temperature\",\"dictSort\":1,\"params\":{},\"dictType\":\"sensor\",\"dictLabel\":\"æ¸©æ¹¿åº¦\",\"createBy\":\"admin\",\"default\":false,\"status\":\"0\"}','{\"msg\":\"æ“ä½œæˆåŠŸ\",\"code\":200}',0,NULL,'2020-04-23 12:47:38'),(108,'ä»£ç ç”Ÿæˆ',2,'com.ruoyi.project.tool.gen.controller.GenController.editSave()','PUT',1,'admin',NULL,'/tool/gen','192.168.40.1','å†…ç½‘IP','{\"functionAuthor\":\"kerwincui\",\"columns\":[{\"usableColumn\":false,\"columnId\":1,\"isIncrement\":\"1\",\"increment\":true,\"insert\":true,\"dictType\":\"\",\"required\":false,\"superColumn\":false,\"updateBy\":\"\",\"isInsert\":\"1\",\"javaField\":\"deviceId\",\"htmlType\":\"input\",\"edit\":false,\"query\":false,\"columnComment\":\"è®¾å¤‡ID\",\"updateTime\":1587616740000,\"sort\":1,\"list\":false,\"params\":{},\"javaType\":\"Long\",\"queryType\":\"EQ\",\"columnType\":\"bigint(20)\",\"createBy\":\"admin\",\"isPk\":\"1\",\"createTime\":1587616182000,\"tableId\":1,\"pk\":true,\"columnName\":\"device_id\"},{\"usableColumn\":false,\"columnId\":2,\"isIncrement\":\"0\",\"increment\":false,\"insert\":true,\"isList\":\"1\",\"dictType\":\"\",\"required\":true,\"superColumn\":false,\"updateBy\":\"\",\"isInsert\":\"1\",\"isRequired\":\"1\",\"javaField\":\"deviceName\",\"htmlType\":\"input\",\"edit\":true,\"query\":true,\"columnComment\":\"è®¾å¤‡åç§°\",\"isQuery\":\"1\",\"updateTime\":1587616740000,\"sort\":2,\"list\":true,\"params\":{},\"javaType\":\"String\",\"queryType\":\"LIKE\",\"columnType\":\"varchar(32)\",\"createBy\":\"admin\",\"isPk\":\"0\",\"createTime\":1587616182000,\"isEdit\":\"1\",\"tableId\":1,\"pk\":false,\"columnName\":\"device_name\"},{\"usableColumn\":false,\"columnId\":3,\"isIncrement\":\"0\",\"increment\":false,\"insert\":true,\"isList\":\"1\",\"dictType\":\"\",\"required\":false,\"superColumn\":false,\"updateBy\":\"\",\"isInsert\":\"1\",\"javaField\":\"monitorValue\",\"htmlType\":\"input\",\"edit\":true,\"query\":false,\"columnComment\":\"ç›‘æµ‹å€¼\",\"updateTime\":1587616740000,\"sort\":3,\"list\":true,\"params\":{},\"javaType\":\"String\",\"queryType\":\"EQ\",\"columnType\":\"varchar(160)\",\"createBy\":\"admin\",\"isPk\":\"0\",\"createTime\":1587616182000,\"isEdit\":\"1\",\"tableId\":1,\"pk\":false,\"columnName\":\"monitor_value\"},{\"usableColumn\":false,\"columnId\":4,\"isIncrement\":\"0\",\"increment\":false,\"insert\":true,\"dictType\":\"\",\"required\":true,\"superColumn\":false,\"updateBy\":\"\",\"isInsert\":\"1\",\"isRequired\":\"1\",\"javaField\":\"apiKey\",\"htmlType\":\"input\",\"edit\":false,\"query\":false,\"columnComment\":\"APIKEY\",\"updateTime\":1587616740000,\"sort\":4,\"list\":false,\"params\":{},\"javaType\":\"String\",\"queryType\":\"EQ\",\"columnType\":\"varchar(32)\",\"createBy\":','{\"msg\":\"æ“ä½œæˆåŠŸ\",\"code\":200}',0,NULL,'2020-04-23 12:50:29'),(109,'ä»£ç ç”Ÿæˆ',2,'com.ruoyi.project.tool.gen.controller.GenController.editSave()','PUT',1,'admin',NULL,'/tool/gen','192.168.40.1','å†…ç½‘IP','{\"functionAuthor\":\"kerwincui\",\"columns\":[{\"usableColumn\":false,\"columnId\":1,\"isIncrement\":\"1\",\"increment\":true,\"insert\":true,\"dictType\":\"\",\"required\":false,\"superColumn\":false,\"updateBy\":\"\",\"isInsert\":\"1\",\"javaField\":\"deviceId\",\"htmlType\":\"input\",\"edit\":false,\"query\":false,\"columnComment\":\"è®¾å¤‡ID\",\"updateTime\":1587617428000,\"sort\":1,\"list\":false,\"params\":{},\"javaType\":\"Long\",\"queryType\":\"EQ\",\"columnType\":\"bigint(20)\",\"createBy\":\"admin\",\"isPk\":\"1\",\"createTime\":1587616182000,\"tableId\":1,\"pk\":true,\"columnName\":\"device_id\"},{\"usableColumn\":false,\"columnId\":2,\"isIncrement\":\"0\",\"increment\":false,\"insert\":true,\"isList\":\"1\",\"dictType\":\"\",\"required\":true,\"superColumn\":false,\"updateBy\":\"\",\"isInsert\":\"1\",\"isRequired\":\"1\",\"javaField\":\"deviceName\",\"htmlType\":\"input\",\"edit\":true,\"query\":true,\"columnComment\":\"è®¾å¤‡åç§°\",\"isQuery\":\"1\",\"updateTime\":1587617428000,\"sort\":2,\"list\":true,\"params\":{},\"javaType\":\"String\",\"queryType\":\"LIKE\",\"columnType\":\"varchar(32)\",\"createBy\":\"admin\",\"isPk\":\"0\",\"createTime\":1587616182000,\"isEdit\":\"1\",\"tableId\":1,\"pk\":false,\"columnName\":\"device_name\"},{\"usableColumn\":false,\"columnId\":3,\"isIncrement\":\"0\",\"increment\":false,\"insert\":true,\"isList\":\"1\",\"dictType\":\"\",\"required\":false,\"superColumn\":false,\"updateBy\":\"\",\"isInsert\":\"1\",\"javaField\":\"monitorValue\",\"htmlType\":\"input\",\"edit\":true,\"query\":false,\"columnComment\":\"ç›‘æµ‹å€¼\",\"updateTime\":1587617428000,\"sort\":3,\"list\":true,\"params\":{},\"javaType\":\"String\",\"queryType\":\"EQ\",\"columnType\":\"varchar(160)\",\"createBy\":\"admin\",\"isPk\":\"0\",\"createTime\":1587616182000,\"isEdit\":\"1\",\"tableId\":1,\"pk\":false,\"columnName\":\"monitor_value\"},{\"usableColumn\":false,\"columnId\":4,\"isIncrement\":\"0\",\"increment\":false,\"insert\":true,\"dictType\":\"\",\"required\":true,\"superColumn\":false,\"updateBy\":\"\",\"isInsert\":\"1\",\"isRequired\":\"1\",\"javaField\":\"apiKey\",\"htmlType\":\"input\",\"edit\":false,\"query\":false,\"columnComment\":\"APIKEY\",\"updateTime\":1587617428000,\"sort\":4,\"list\":false,\"params\":{},\"javaType\":\"String\",\"queryType\":\"EQ\",\"columnType\":\"varchar(32)\",\"createBy\":','{\"msg\":\"æ“ä½œæˆåŠŸ\",\"code\":200}',0,NULL,'2020-04-23 12:56:45'),(110,'ä»£ç ç”Ÿæˆ',8,'com.ruoyi.project.tool.gen.controller.GenController.batchGenCode()','GET',1,'admin',NULL,'/tool/gen/batchGenCode','192.168.40.1','å†…ç½‘IP','{}','null',0,NULL,'2020-04-23 12:57:05'),(111,'èœå•ç®¡ç†',2,'com.ruoyi.project.system.controller.SysMenuController.edit()','PUT',1,'admin',NULL,'/system/menu','192.168.40.1','å†…ç½‘IP','{\"visible\":\"0\",\"icon\":\"switch\",\"orderNum\":\"1\",\"menuName\":\"æ™ºèƒ½å¼€å…³\",\"params\":{},\"parentId\":0,\"path\":\"switch\",\"component\":\"switch/switch/index\",\"children\":[],\"createTime\":1519833600000,\"updateBy\":\"admin\",\"isFrame\":\"1\",\"menuId\":2000,\"menuType\":\"C\",\"perms\":\"switch:switch:list\",\"status\":\"0\"}','{\"msg\":\"æ“ä½œæˆåŠŸ\",\"code\":200}',0,NULL,'2020-04-23 15:03:02'),(112,'èœå•ç®¡ç†',2,'com.ruoyi.project.system.controller.SysMenuController.edit()','PUT',1,'admin',NULL,'/system/menu','192.168.40.1','å†…ç½‘IP','{\"visible\":\"0\",\"icon\":\"switch\",\"orderNum\":\"1\",\"menuName\":\"æ™ºèƒ½å¼€å…³\",\"params\":{},\"parentId\":0,\"path\":\"switch\",\"component\":\"switch/switch/index\",\"children\":[],\"createTime\":1519833600000,\"updateBy\":\"admin\",\"isFrame\":\"1\",\"menuId\":2000,\"menuType\":\"F\",\"perms\":\"switch:switch:list\",\"status\":\"0\"}','{\"msg\":\"æ“ä½œæˆåŠŸ\",\"code\":200}',0,NULL,'2020-04-23 15:08:21'),(113,'èœå•ç®¡ç†',2,'com.ruoyi.project.system.controller.SysMenuController.edit()','PUT',1,'admin',NULL,'/system/menu','192.168.40.1','å†…ç½‘IP','{\"visible\":\"0\",\"icon\":\"switch\",\"orderNum\":\"1\",\"menuName\":\"æ™ºèƒ½å¼€å…³\",\"params\":{},\"parentId\":0,\"path\":\"switch\",\"component\":\"switch/switch/index\",\"children\":[],\"createTime\":1519833600000,\"updateBy\":\"admin\",\"isFrame\":\"1\",\"menuId\":2000,\"menuType\":\"M\",\"perms\":\"switch:switch:list\",\"status\":\"0\"}','{\"msg\":\"æ“ä½œæˆåŠŸ\",\"code\":200}',0,NULL,'2020-04-23 15:08:59'),(114,'èœå•ç®¡ç†',2,'com.ruoyi.project.system.controller.SysMenuController.edit()','PUT',1,'admin',NULL,'/system/menu','192.168.40.1','å†…ç½‘IP','{\"visible\":\"0\",\"icon\":\"switch\",\"orderNum\":\"1\",\"menuName\":\"æ™ºèƒ½å¼€å…³\",\"params\":{},\"parentId\":0,\"path\":\"switch\",\"component\":\"switch/switch/index\",\"children\":[],\"createTime\":1519833600000,\"updateBy\":\"admin\",\"isFrame\":\"1\",\"menuId\":2000,\"menuType\":\"C\",\"perms\":\"switch:switch:list\",\"status\":\"0\"}','{\"msg\":\"æ“ä½œæˆåŠŸ\",\"code\":200}',0,NULL,'2020-04-23 15:09:31'),(115,'èœå•ç®¡ç†',1,'com.ruoyi.project.system.controller.SysMenuController.add()','POST',1,'admin',NULL,'/system/menu','192.168.40.1','å†…ç½‘IP','{\"visible\":\"0\",\"icon\":\"online\",\"orderNum\":\"1\",\"menuName\":\"ç‰©è”ç½‘\",\"params\":{},\"path\":\"iot\",\"createBy\":\"admin\",\"children\":[],\"isFrame\":\"1\",\"menuType\":\"M\",\"status\":\"0\"}','{\"msg\":\"æ“ä½œæˆåŠŸ\",\"code\":200}',0,NULL,'2020-04-23 15:13:52'),(116,'èœå•ç®¡ç†',2,'com.ruoyi.project.system.controller.SysMenuController.edit()','PUT',1,'admin',NULL,'/system/menu','192.168.40.1','å†…ç½‘IP','{\"visible\":\"0\",\"icon\":\"online\",\"orderNum\":\"0\",\"menuName\":\"ç‰©è”ç½‘\",\"params\":{},\"parentId\":0,\"path\":\"iot\",\"children\":[],\"createTime\":1587626032000,\"updateBy\":\"admin\",\"isFrame\":\"1\",\"menuId\":2006,\"menuType\":\"M\",\"perms\":\"\",\"status\":\"0\"}','{\"msg\":\"æ“ä½œæˆåŠŸ\",\"code\":200}',0,NULL,'2020-04-23 15:14:12'),(117,'èœå•ç®¡ç†',2,'com.ruoyi.project.system.controller.SysMenuController.edit()','PUT',1,'admin',NULL,'/system/menu','192.168.40.1','å†…ç½‘IP','{\"visible\":\"0\",\"icon\":\"switch\",\"orderNum\":\"1\",\"menuName\":\"æ™ºèƒ½å¼€å…³\",\"params\":{},\"parentId\":2006,\"path\":\"switch\",\"component\":\"switch/switch/index\",\"children\":[],\"createTime\":1519833600000,\"updateBy\":\"admin\",\"isFrame\":\"1\",\"menuId\":2000,\"menuType\":\"C\",\"perms\":\"switch:switch:list\",\"status\":\"0\"}','{\"msg\":\"æ“ä½œæˆåŠŸ\",\"code\":200}',0,NULL,'2020-04-23 15:14:41'),(118,'ä»£ç ç”Ÿæˆ',2,'com.ruoyi.project.tool.gen.controller.GenController.editSave()','PUT',1,'admin',NULL,'/tool/gen','192.168.40.1','å†…ç½‘IP','{\"functionAuthor\":\"kerwincui\",\"columns\":[{\"usableColumn\":false,\"columnId\":1,\"isIncrement\":\"1\",\"increment\":true,\"insert\":true,\"dictType\":\"\",\"required\":false,\"superColumn\":false,\"updateBy\":\"\",\"isInsert\":\"1\",\"javaField\":\"deviceId\",\"htmlType\":\"input\",\"edit\":false,\"query\":false,\"columnComment\":\"è®¾å¤‡ID\",\"updateTime\":1587617805000,\"sort\":1,\"list\":false,\"params\":{},\"javaType\":\"Long\",\"queryType\":\"EQ\",\"columnType\":\"bigint(20)\",\"createBy\":\"admin\",\"isPk\":\"1\",\"createTime\":1587616182000,\"tableId\":1,\"pk\":true,\"columnName\":\"device_id\"},{\"usableColumn\":false,\"columnId\":2,\"isIncrement\":\"0\",\"increment\":false,\"insert\":true,\"isList\":\"1\",\"dictType\":\"\",\"required\":true,\"superColumn\":false,\"updateBy\":\"\",\"isInsert\":\"1\",\"isRequired\":\"1\",\"javaField\":\"deviceName\",\"htmlType\":\"input\",\"edit\":true,\"query\":true,\"columnComment\":\"è®¾å¤‡åç§°\",\"isQuery\":\"1\",\"updateTime\":1587617805000,\"sort\":2,\"list\":true,\"params\":{},\"javaType\":\"String\",\"queryType\":\"LIKE\",\"columnType\":\"varchar(32)\",\"createBy\":\"admin\",\"isPk\":\"0\",\"createTime\":1587616182000,\"isEdit\":\"1\",\"tableId\":1,\"pk\":false,\"columnName\":\"device_name\"},{\"usableColumn\":false,\"columnId\":3,\"isIncrement\":\"0\",\"increment\":false,\"insert\":true,\"isList\":\"1\",\"dictType\":\"\",\"required\":false,\"superColumn\":false,\"updateBy\":\"\",\"isInsert\":\"1\",\"javaField\":\"monitorValue\",\"htmlType\":\"input\",\"edit\":true,\"query\":false,\"columnComment\":\"ç›‘æµ‹å€¼\",\"updateTime\":1587617805000,\"sort\":3,\"list\":true,\"params\":{},\"javaType\":\"String\",\"queryType\":\"EQ\",\"columnType\":\"varchar(160)\",\"createBy\":\"admin\",\"isPk\":\"0\",\"createTime\":1587616182000,\"isEdit\":\"1\",\"tableId\":1,\"pk\":false,\"columnName\":\"monitor_value\"},{\"usableColumn\":false,\"columnId\":4,\"isIncrement\":\"0\",\"increment\":false,\"insert\":true,\"dictType\":\"\",\"required\":true,\"superColumn\":false,\"updateBy\":\"\",\"isInsert\":\"1\",\"isRequired\":\"1\",\"javaField\":\"apiKey\",\"htmlType\":\"input\",\"edit\":true,\"query\":false,\"columnComment\":\"APIKEY\",\"updateTime\":1587617805000,\"sort\":4,\"list\":false,\"params\":{},\"javaType\":\"String\",\"queryType\":\"EQ\",\"columnType\":\"varchar(32)\",\"createBy\":\"','{\"msg\":\"æ“ä½œæˆåŠŸ\",\"code\":200}',0,NULL,'2020-04-23 15:21:22'),(119,'èœå•ç®¡ç†',3,'com.ruoyi.project.system.controller.SysMenuController.remove()','DELETE',1,'admin',NULL,'/system/menu/4','127.0.0.1','å†…ç½‘IP','{menuId=4}','{\"msg\":\"èœå•å·²åˆ†é…,ä¸å…è®¸åˆ é™¤\",\"code\":500}',0,NULL,'2020-04-27 07:47:01'),(120,'èœå•ç®¡ç†',2,'com.ruoyi.project.system.controller.SysMenuController.edit()','PUT',1,'admin',NULL,'/system/menu','127.0.0.1','å†…ç½‘IP','{\"visible\":\"0\",\"icon\":\"guide\",\"orderNum\":\"4\",\"menuName\":\"è‹¥ä¾å®˜ç½‘\",\"params\":{},\"parentId\":0,\"path\":\"http://ruoyi.vip\",\"children\":[],\"createTime\":1521171180000,\"updateBy\":\"admin\",\"isFrame\":\"0\",\"menuId\":4,\"menuType\":\"M\",\"perms\":\"\",\"status\":\"1\"}','{\"msg\":\"æ“ä½œæˆåŠŸ\",\"code\":200}',0,NULL,'2020-04-27 07:47:18'),(121,'èœå•ç®¡ç†',3,'com.ruoyi.project.system.controller.SysMenuController.remove()','DELETE',1,'admin',NULL,'/system/menu/4','127.0.0.1','å†…ç½‘IP','{menuId=4}','{\"msg\":\"èœå•å·²åˆ†é…,ä¸å…è®¸åˆ é™¤\",\"code\":500}',0,NULL,'2020-04-27 07:47:22'),(122,'èœå•ç®¡ç†',2,'com.ruoyi.project.system.controller.SysMenuController.edit()','PUT',1,'admin',NULL,'/system/menu','127.0.0.1','å†…ç½‘IP','{\"visible\":\"0\",\"icon\":\"guide\",\"orderNum\":\"4\",\"menuName\":\"KWSWITCH\",\"params\":{},\"parentId\":0,\"path\":\"#\",\"children\":[],\"createTime\":1521171180000,\"updateBy\":\"admin\",\"isFrame\":\"0\",\"menuId\":4,\"menuType\":\"M\",\"perms\":\"\",\"status\":\"1\"}','{\"msg\":\"æ“ä½œæˆåŠŸ\",\"code\":200}',0,NULL,'2020-04-27 07:48:19'),(123,'èœå•ç®¡ç†',3,'com.ruoyi.project.system.controller.SysMenuController.remove()','DELETE',1,'admin',NULL,'/system/menu/4','127.0.0.1','å†…ç½‘IP','{menuId=4}','{\"msg\":\"èœå•å·²åˆ†é…,ä¸å…è®¸åˆ é™¤\",\"code\":500}',0,NULL,'2020-04-27 07:48:48'),(124,'èœå•ç®¡ç†',2,'com.ruoyi.project.system.controller.SysMenuController.edit()','PUT',1,'admin',NULL,'/system/menu','127.0.0.1','å†…ç½‘IP','{\"visible\":\"0\",\"icon\":\"guide\",\"orderNum\":\"4\",\"menuName\":\"KWSWITCH\",\"params\":{},\"parentId\":0,\"path\":\"#\",\"children\":[],\"createTime\":1521171180000,\"updateBy\":\"admin\",\"isFrame\":\"0\",\"menuId\":4,\"menuType\":\"M\",\"perms\":\"\",\"status\":\"1\"}','{\"msg\":\"æ“ä½œæˆåŠŸ\",\"code\":200}',0,NULL,'2020-04-27 07:48:57'),(125,'èœå•ç®¡ç†',2,'com.ruoyi.project.system.controller.SysMenuController.edit()','PUT',1,'admin',NULL,'/system/menu','127.0.0.1','å†…ç½‘IP','{\"visible\":\"0\",\"icon\":\"guide\",\"orderNum\":\"4\",\"menuName\":\"KWSWITCH\",\"params\":{},\"parentId\":0,\"path\":\"#\",\"children\":[],\"createTime\":1521171180000,\"updateBy\":\"admin\",\"isFrame\":\"0\",\"menuId\":4,\"menuType\":\"M\",\"perms\":\"\",\"status\":\"0\"}','{\"msg\":\"æ“ä½œæˆåŠŸ\",\"code\":200}',0,NULL,'2020-04-27 07:49:07'),(126,'èœå•ç®¡ç†',2,'com.ruoyi.project.system.controller.SysMenuController.edit()','PUT',1,'admin',NULL,'/system/menu','127.0.0.1','å†…ç½‘IP','{\"visible\":\"0\",\"icon\":\"guide\",\"orderNum\":\"4\",\"menuName\":\"KWSWITCH\",\"params\":{},\"parentId\":0,\"path\":\"#\",\"children\":[],\"createTime\":1521171180000,\"updateBy\":\"admin\",\"isFrame\":\"0\",\"menuId\":4,\"menuType\":\"M\",\"perms\":\"\",\"status\":\"1\"}','{\"msg\":\"æ“ä½œæˆåŠŸ\",\"code\":200}',0,NULL,'2020-04-27 07:49:27'),(127,'è§’è‰²ç®¡ç†',2,'com.ruoyi.project.system.controller.SysRoleController.changeStatus()','PUT',1,'admin',NULL,'/system/role/changeStatus','127.0.0.1','å†…ç½‘IP','{\"flag\":false,\"roleId\":2,\"admin\":false,\"params\":{},\"updateBy\":\"admin\",\"status\":\"1\"}','{\"msg\":\"æ“ä½œæˆåŠŸ\",\"code\":200}',0,NULL,'2020-04-28 11:57:20'),(128,'è§’è‰²ç®¡ç†',2,'com.ruoyi.project.system.controller.SysRoleController.changeStatus()','PUT',1,'admin',NULL,'/system/role/changeStatus','127.0.0.1','å†…ç½‘IP','{\"flag\":false,\"roleId\":2,\"admin\":false,\"params\":{},\"updateBy\":\"admin\",\"status\":\"0\"}','{\"msg\":\"æ“ä½œæˆåŠŸ\",\"code\":200}',0,NULL,'2020-04-28 11:57:23'),(129,'æ™ºèƒ½å¼€å…³',1,'com.ruoyi.project.kwswitch.controller.KwSwitchController.add()','POST',1,'admin',NULL,'/kwswitch/switch','127.0.0.1','å†…ç½‘IP','{\"apiKey\":\"D432594C7B234966B0CC4D24E57C22FE\",\"params\":{},\"userName\":\"admin\",\"deviceId\":8,\"deviceName\":\"å§å®¤ç¯\",\"createTime\":1588143964659,\"sensor\":\"temperature\",\"state\":\"0\",\"category\":\"single_switch\"}','{\"msg\":\"æ“ä½œæˆåŠŸ\",\"code\":200}',0,NULL,'2020-04-29 07:06:05'),(130,'æ™ºèƒ½å¼€å…³',2,'com.ruoyi.project.kwswitch.controller.KwSwitchController.edit()','PUT',1,'admin',NULL,'/kwswitch/switch','127.0.0.1','å†…ç½‘IP','{\"apiKey\":\"D432594C7B234966B0CC4D24E57C22FE\",\"remark\":\"æ§åˆ¶å§å®¤ç¯çš„å•è·¯å¼€å…³\",\"updateTime\":1588143998333,\"params\":{},\"userName\":\"admin\",\"deviceId\":8,\"deviceName\":\"å§å®¤ç¯\",\"createTime\":1588143965000,\"sensor\":\"temperature\",\"state\":\"0\",\"category\":\"single_switch\"}','{\"msg\":\"æ“ä½œæˆåŠŸ\",\"code\":200}',0,NULL,'2020-04-29 07:06:38'),(131,'æ™ºèƒ½å¼€å…³',1,'com.ruoyi.project.kwswitch.controller.KwSwitchController.add()','POST',1,'admin',NULL,'/kwswitch/switch','127.0.0.1','å†…ç½‘IP','{\"apiKey\":\"2E15D28BADAA4CDB90244A8F3BF0AE8E\",\"params\":{},\"userName\":\"admin\",\"deviceName\":\"æµ‹è¯•\",\"createTime\":1588144128129,\"state\":\"0\"}','null',1,'\r\n### Error updating database.  Cause: java.sql.SQLException: Field \'sensor\' doesn\'t have a default value\r\n### The error may involve com.ruoyi.project.kwswitch.mapper.KwSwitchMapper.insertKwSwitch-Inline\r\n### The error occurred while setting parameters\r\n### SQL: insert into kw_switch          ( device_name,                                       api_key,             state,                                                    create_time,                          user_name )           values ( ?,                                       ?,             ?,                                                    ?,                          ? )\r\n### Cause: java.sql.SQLException: Field \'sensor\' doesn\'t have a default value\n; Field \'sensor\' doesn\'t have a default value; nested exception is java.sql.SQLException: Field \'sensor\' doesn\'t have a default value','2020-04-29 07:08:48'),(132,'æ™ºèƒ½å¼€å…³',1,'com.ruoyi.project.kwswitch.controller.KwSwitchController.add()','POST',1,'admin',NULL,'/kwswitch/switch','127.0.0.1','å†…ç½‘IP','{\"apiKey\":\"E2E4A544ED1B4E31BBF7EF46FC1F1996\",\"remark\":\"æµ‹è¯•\",\"params\":{},\"userName\":\"admin\",\"deviceName\":\"æµ‹è¯•\",\"createTime\":1588144369155,\"state\":\"0\"}','null',1,'\r\n### Error updating database.  Cause: java.sql.SQLException: Field \'sensor\' doesn\'t have a default value\r\n### The error may involve com.ruoyi.project.kwswitch.mapper.KwSwitchMapper.insertKwSwitch-Inline\r\n### The error occurred while setting parameters\r\n### SQL: insert into kw_switch          ( device_name,                                       api_key,             state,                                                    create_time,                          user_name,             remark )           values ( ?,                                       ?,             ?,                                                    ?,                          ?,             ? )\r\n### Cause: java.sql.SQLException: Field \'sensor\' doesn\'t have a default value\n; Field \'sensor\' doesn\'t have a default value; nested exception is java.sql.SQLException: Field \'sensor\' doesn\'t have a default value','2020-04-29 07:12:49'),(133,'æ™ºèƒ½å¼€å…³',1,'com.ruoyi.project.kwswitch.controller.KwSwitchController.add()','POST',1,'admin',NULL,'/kwswitch/switch','127.0.0.1','å†…ç½‘IP','{\"apiKey\":\"00242A6C18D5422097E6EAD3BEA0E61A\",\"remark\":\"æµ‹è¯•\",\"params\":{},\"userName\":\"admin\",\"deviceName\":\"æµ‹è¯•\",\"createTime\":1588144465440,\"state\":\"0\"}','null',1,'\r\n### Error updating database.  Cause: java.sql.SQLException: Field \'sensor\' doesn\'t have a default value\r\n### The error may involve com.ruoyi.project.kwswitch.mapper.KwSwitchMapper.insertKwSwitch-Inline\r\n### The error occurred while setting parameters\r\n### SQL: insert into kw_switch          ( device_name,                                       api_key,             state,                                                    create_time,                          user_name,             remark )           values ( ?,                                       ?,             ?,                                                    ?,                          ?,             ? )\r\n### Cause: java.sql.SQLException: Field \'sensor\' doesn\'t have a default value\n; Field \'sensor\' doesn\'t have a default value; nested exception is java.sql.SQLException: Field \'sensor\' doesn\'t have a default value','2020-04-29 07:14:26'),(134,'æ™ºèƒ½å¼€å…³',1,'com.ruoyi.project.kwswitch.controller.KwSwitchController.add()','POST',1,'admin',NULL,'/kwswitch/switch','127.0.0.1','å†…ç½‘IP','{\"apiKey\":\"0948AEBE27224802BA66F15DC2D4A658\",\"remark\":\"æµ‹è¯•\",\"params\":{},\"userName\":\"admin\",\"deviceId\":9,\"deviceName\":\"æµ‹è¯•\",\"createTime\":1588144875318,\"sensor\":\"temperature\",\"state\":\"0\",\"category\":\"single_switch\"}','{\"msg\":\"æ“ä½œæˆåŠŸ\",\"code\":200}',0,NULL,'2020-04-29 07:21:15'),(135,'æ™ºèƒ½å¼€å…³',3,'com.ruoyi.project.kwswitch.controller.KwSwitchController.remove()','DELETE',1,'admin',NULL,'/kwswitch/switch/9','127.0.0.1','å†…ç½‘IP','{deviceIds=9}','{\"msg\":\"æ“ä½œæˆåŠŸ\",\"code\":200}',0,NULL,'2020-04-29 07:21:25'),(136,'æ™ºèƒ½å¼€å…³',5,'com.ruoyi.project.kwswitch.controller.KwSwitchController.export()','GET',1,'admin',NULL,'/kwswitch/switch/export','127.0.0.1','å†…ç½‘IP','{}','{\"msg\":\"5da60f9e-c3ca-42e7-88e7-691650bbeffd_switch.xlsx\",\"code\":200}',0,NULL,'2020-04-29 08:48:59'),(137,'æ™ºèƒ½å¼€å…³',2,'com.ruoyi.project.kwswitch.controller.KwSwitchController.edit()','PUT',1,'admin',NULL,'/kwswitch/switch','127.0.0.1','å†…ç½‘IP','{\"apiKey\":\"D432594C7B234966B0CC4D24E57C22FE\",\"remark\":\"æ§åˆ¶å§å®¤ç¯çš„å•è·¯å¼€å…³0\",\"updateTime\":1588165065571,\"params\":{},\"userName\":\"admin\",\"deviceId\":3,\"deviceName\":\"å§å®¤ç¯\",\"createTime\":1588115220000,\"sensor\":\"temperature\",\"state\":\"0\",\"category\":\"single_switch\"}','{\"msg\":\"æ“ä½œæˆåŠŸ\",\"code\":200}',0,NULL,'2020-04-29 12:57:46'),(138,'æ™ºèƒ½å¼€å…³',1,'com.ruoyi.project.kwswitch.controller.KwSwitchController.add()','POST',1,'admin',NULL,'/kwswitch/switch','127.0.0.1','å†…ç½‘IP','{\"apiKey\":\"4A2AF175B85B46AFA54ADBE4BA24122E\",\"remark\":\"æµ‹è‰²\",\"params\":{},\"userName\":\"admin\",\"deviceId\":10,\"deviceName\":\"æµ‹è¯•\",\"createTime\":1588170684677,\"sensor\":\"temperature\",\"state\":\"0\",\"category\":\"double_switch\"}','{\"msg\":\"æ“ä½œæˆåŠŸ\",\"code\":200}',0,NULL,'2020-04-29 14:31:25'),(139,'æ™ºèƒ½å¼€å…³',3,'com.ruoyi.project.kwswitch.controller.KwSwitchController.remove()','DELETE',1,'admin',NULL,'/kwswitch/switch/10','127.0.0.1','å†…ç½‘IP','{deviceIds=10}','{\"msg\":\"æ“ä½œæˆåŠŸ\",\"code\":200}',0,NULL,'2020-04-29 14:34:26'),(140,'ä¸ªäººä¿¡æ¯',2,'com.ruoyi.project.system.controller.SysProfileController.updatePwd()','PUT',1,'admin',NULL,'/system/user/profile/updatePwd','39.130.57.52','XX XX','admin123 cxw3513090','{\"msg\":\"æ“ä½œæˆåŠŸ\",\"code\":200}',0,NULL,'2020-05-18 09:32:33'),(141,'ä»£ç ç”Ÿæˆ',8,'com.ruoyi.project.tool.gen.controller.GenController.batchGenCode()','GET',1,'admin',NULL,'/tool/gen/batchGenCode','39.130.57.155','XX XX','{}','null',0,NULL,'2020-05-30 02:55:25'),(142,'ä¸ªäººä¿¡æ¯',2,'com.ruoyi.project.system.controller.SysProfileController.updatePwd()','PUT',1,'admin',NULL,'/system/user/profile/updatePwd','39.130.57.36','XX XX','cxw3513090 admin123','{\"msg\":\"æ“ä½œæˆåŠŸ\",\"code\":200}',0,NULL,'2020-09-05 02:27:03');

/*Table structure for table `sys_post` */

DROP TABLE IF EXISTS `sys_post`;

CREATE TABLE `sys_post` (
  `post_id` bigint(20) NOT NULL AUTO_INCREMENT COMMENT 'å²—ä½ID',
  `post_code` varchar(64) NOT NULL COMMENT 'å²—ä½ç¼–ç ',
  `post_name` varchar(50) NOT NULL COMMENT 'å²—ä½åç§°',
  `post_sort` int(4) NOT NULL COMMENT 'æ˜¾ç¤ºé¡ºåº',
  `status` char(1) NOT NULL COMMENT 'çŠ¶æ€ï¼ˆ0æ­£å¸¸ 1åœç”¨ï¼‰',
  `create_by` varchar(64) DEFAULT '' COMMENT 'åˆ›å»ºè€…',
  `create_time` datetime DEFAULT NULL COMMENT 'åˆ›å»ºæ—¶é—´',
  `update_by` varchar(64) DEFAULT '' COMMENT 'æ›´æ–°è€…',
  `update_time` datetime DEFAULT NULL COMMENT 'æ›´æ–°æ—¶é—´',
  `remark` varchar(500) DEFAULT NULL COMMENT 'å¤‡æ³¨',
  PRIMARY KEY (`post_id`)
) ENGINE=InnoDB AUTO_INCREMENT=5 DEFAULT CHARSET=utf8 COMMENT='å²—ä½ä¿¡æ¯è¡¨';

/*Data for the table `sys_post` */

insert  into `sys_post`(`post_id`,`post_code`,`post_name`,`post_sort`,`status`,`create_by`,`create_time`,`update_by`,`update_time`,`remark`) values (1,'ceo','è‘£äº‹é•¿',1,'0','admin','2018-03-16 11:33:00','ry','2018-03-16 11:33:00',''),(2,'se','é¡¹ç›®ç»ç†',2,'0','admin','2018-03-16 11:33:00','ry','2018-03-16 11:33:00',''),(3,'hr','äººåŠ›èµ„æº',3,'0','admin','2018-03-16 11:33:00','ry','2018-03-16 11:33:00',''),(4,'user','æ™®é€šå‘˜å·¥',4,'0','admin','2018-03-16 11:33:00','ry','2018-03-16 11:33:00','');

/*Table structure for table `sys_role` */

DROP TABLE IF EXISTS `sys_role`;

CREATE TABLE `sys_role` (
  `role_id` bigint(20) NOT NULL AUTO_INCREMENT COMMENT 'è§’è‰²ID',
  `role_name` varchar(30) NOT NULL COMMENT 'è§’è‰²åç§°',
  `role_key` varchar(100) NOT NULL COMMENT 'è§’è‰²æƒé™å­—ç¬¦ä¸²',
  `role_sort` int(4) NOT NULL COMMENT 'æ˜¾ç¤ºé¡ºåº',
  `data_scope` char(1) DEFAULT '1' COMMENT 'æ•°æ®èŒƒå›´ï¼ˆ1ï¼šå…¨éƒ¨æ•°æ®æƒé™ 2ï¼šè‡ªå®šæ•°æ®æƒé™ 3ï¼šæœ¬éƒ¨é—¨æ•°æ®æƒé™ 4ï¼šæœ¬éƒ¨é—¨åŠä»¥ä¸‹æ•°æ®æƒé™ï¼‰',
  `status` char(1) NOT NULL COMMENT 'è§’è‰²çŠ¶æ€ï¼ˆ0æ­£å¸¸ 1åœç”¨ï¼‰',
  `del_flag` char(1) DEFAULT '0' COMMENT 'åˆ é™¤æ ‡å¿—ï¼ˆ0ä»£è¡¨å­˜åœ¨ 2ä»£è¡¨åˆ é™¤ï¼‰',
  `create_by` varchar(64) DEFAULT '' COMMENT 'åˆ›å»ºè€…',
  `create_time` datetime DEFAULT NULL COMMENT 'åˆ›å»ºæ—¶é—´',
  `update_by` varchar(64) DEFAULT '' COMMENT 'æ›´æ–°è€…',
  `update_time` datetime DEFAULT NULL COMMENT 'æ›´æ–°æ—¶é—´',
  `remark` varchar(500) DEFAULT NULL COMMENT 'å¤‡æ³¨',
  PRIMARY KEY (`role_id`)
) ENGINE=InnoDB AUTO_INCREMENT=3 DEFAULT CHARSET=utf8 COMMENT='è§’è‰²ä¿¡æ¯è¡¨';

/*Data for the table `sys_role` */

insert  into `sys_role`(`role_id`,`role_name`,`role_key`,`role_sort`,`data_scope`,`status`,`del_flag`,`create_by`,`create_time`,`update_by`,`update_time`,`remark`) values (1,'ç®¡ç†å‘˜','admin',1,'1','0','0','admin','2018-03-16 11:33:00','ry','2018-03-16 11:33:00','ç®¡ç†å‘˜'),(2,'æ™®é€šè§’è‰²','common',2,'2','0','0','admin','2018-03-16 11:33:00','admin','2020-04-28 11:57:23','æ™®é€šè§’è‰²');

/*Table structure for table `sys_role_dept` */

DROP TABLE IF EXISTS `sys_role_dept`;

CREATE TABLE `sys_role_dept` (
  `role_id` bigint(20) NOT NULL COMMENT 'è§’è‰²ID',
  `dept_id` bigint(20) NOT NULL COMMENT 'éƒ¨é—¨ID',
  PRIMARY KEY (`role_id`,`dept_id`)
) ENGINE=InnoDB DEFAULT CHARSET=utf8 COMMENT='è§’è‰²å’Œéƒ¨é—¨å…³è”è¡¨';

/*Data for the table `sys_role_dept` */

insert  into `sys_role_dept`(`role_id`,`dept_id`) values (2,100),(2,101),(2,105);

/*Table structure for table `sys_role_menu` */

DROP TABLE IF EXISTS `sys_role_menu`;

CREATE TABLE `sys_role_menu` (
  `role_id` bigint(20) NOT NULL COMMENT 'è§’è‰²ID',
  `menu_id` bigint(20) NOT NULL COMMENT 'èœå•ID',
  PRIMARY KEY (`role_id`,`menu_id`)
) ENGINE=InnoDB DEFAULT CHARSET=utf8 COMMENT='è§’è‰²å’Œèœå•å…³è”è¡¨';

/*Data for the table `sys_role_menu` */

insert  into `sys_role_menu`(`role_id`,`menu_id`) values (2,1),(2,2),(2,3),(2,4),(2,100),(2,101),(2,102),(2,103),(2,104),(2,105),(2,106),(2,107),(2,108),(2,109),(2,110),(2,111),(2,112),(2,113),(2,114),(2,115),(2,500),(2,501),(2,1000),(2,1001),(2,1002),(2,1003),(2,1004),(2,1005),(2,1006),(2,1007),(2,1008),(2,1009),(2,1010),(2,1011),(2,1012),(2,1013),(2,1014),(2,1015),(2,1016),(2,1017),(2,1018),(2,1019),(2,1020),(2,1021),(2,1022),(2,1023),(2,1024),(2,1025),(2,1026),(2,1027),(2,1028),(2,1029),(2,1030),(2,1031),(2,1032),(2,1033),(2,1034),(2,1035),(2,1036),(2,1037),(2,1038),(2,1039),(2,1040),(2,1041),(2,1042),(2,1043),(2,1044),(2,1045),(2,1046),(2,1047),(2,1048),(2,1049),(2,1050),(2,1051),(2,1052),(2,1053),(2,1054),(2,1055),(2,1056),(2,1057),(2,1058),(2,1059),(2,1060);

/*Table structure for table `sys_user` */

DROP TABLE IF EXISTS `sys_user`;

CREATE TABLE `sys_user` (
  `user_id` bigint(20) NOT NULL AUTO_INCREMENT COMMENT 'ç”¨æˆ·ID',
  `dept_id` bigint(20) DEFAULT NULL COMMENT 'éƒ¨é—¨ID',
  `user_name` varchar(30) NOT NULL COMMENT 'ç”¨æˆ·è´¦å·',
  `nick_name` varchar(30) NOT NULL COMMENT 'ç”¨æˆ·æ˜µç§°',
  `user_type` varchar(2) DEFAULT '00' COMMENT 'ç”¨æˆ·ç±»å‹ï¼ˆ00ç³»ç»Ÿç”¨æˆ·ï¼‰',
  `email` varchar(50) DEFAULT '' COMMENT 'ç”¨æˆ·é‚®ç®±',
  `phonenumber` varchar(11) DEFAULT '' COMMENT 'æ‰‹æœºå·ç ',
  `sex` char(1) DEFAULT '0' COMMENT 'ç”¨æˆ·æ€§åˆ«ï¼ˆ0ç”· 1å¥³ 2æœªçŸ¥ï¼‰',
  `avatar` varchar(100) DEFAULT '' COMMENT 'å¤´åƒåœ°å€',
  `password` varchar(100) DEFAULT '' COMMENT 'å¯†ç ',
  `status` char(1) DEFAULT '0' COMMENT 'å¸å·çŠ¶æ€ï¼ˆ0æ­£å¸¸ 1åœç”¨ï¼‰',
  `del_flag` char(1) DEFAULT '0' COMMENT 'åˆ é™¤æ ‡å¿—ï¼ˆ0ä»£è¡¨å­˜åœ¨ 2ä»£è¡¨åˆ é™¤ï¼‰',
  `login_ip` varchar(50) DEFAULT '' COMMENT 'æœ€åç™»é™†IP',
  `login_date` datetime DEFAULT NULL COMMENT 'æœ€åç™»é™†æ—¶é—´',
  `create_by` varchar(64) DEFAULT '' COMMENT 'åˆ›å»ºè€…',
  `create_time` datetime DEFAULT NULL COMMENT 'åˆ›å»ºæ—¶é—´',
  `update_by` varchar(64) DEFAULT '' COMMENT 'æ›´æ–°è€…',
  `update_time` datetime DEFAULT NULL COMMENT 'æ›´æ–°æ—¶é—´',
  `remark` varchar(500) DEFAULT NULL COMMENT 'å¤‡æ³¨',
  PRIMARY KEY (`user_id`)
) ENGINE=InnoDB AUTO_INCREMENT=3 DEFAULT CHARSET=utf8 COMMENT='ç”¨æˆ·ä¿¡æ¯è¡¨';

/*Data for the table `sys_user` */

insert  into `sys_user`(`user_id`,`dept_id`,`user_name`,`nick_name`,`user_type`,`email`,`phonenumber`,`sex`,`avatar`,`password`,`status`,`del_flag`,`login_ip`,`login_date`,`create_by`,`create_time`,`update_by`,`update_time`,`remark`) values (1,103,'admin','è‹¥ä¾','00','ry@163.com','15888888888','1','','$2a$10$HRHcPYQiLUrNMRRG17uR5edj/Kzm.vpkvhnlRYY./L01DAPpVV0.O','0','0','127.0.0.1','2018-03-16 11:33:00','admin','2018-03-16 11:33:00','ry','2018-03-16 11:33:00','ç®¡ç†å‘˜'),(2,105,'ry','è‹¥ä¾','00','ry@qq.com','15666666666','1','','$2a$10$7JB720yubVSZvUI0rEqK/.VqGOZTH.ulu33dHOiBE8ByOhJIrdAu2','0','0','127.0.0.1','2018-03-16 11:33:00','admin','2018-03-16 11:33:00','ry','2018-03-16 11:33:00','æµ‹è¯•å‘˜');

/*Table structure for table `sys_user_post` */

DROP TABLE IF EXISTS `sys_user_post`;

CREATE TABLE `sys_user_post` (
  `user_id` bigint(20) NOT NULL COMMENT 'ç”¨æˆ·ID',
  `post_id` bigint(20) NOT NULL COMMENT 'å²—ä½ID',
  PRIMARY KEY (`user_id`,`post_id`)
) ENGINE=InnoDB DEFAULT CHARSET=utf8 COMMENT='ç”¨æˆ·ä¸å²—ä½å…³è”è¡¨';

/*Data for the table `sys_user_post` */

insert  into `sys_user_post`(`user_id`,`post_id`) values (1,1),(2,2);

/*Table structure for table `sys_user_role` */

DROP TABLE IF EXISTS `sys_user_role`;

CREATE TABLE `sys_user_role` (
  `user_id` bigint(20) NOT NULL COMMENT 'ç”¨æˆ·ID',
  `role_id` bigint(20) NOT NULL COMMENT 'è§’è‰²ID',
  PRIMARY KEY (`user_id`,`role_id`)
) ENGINE=InnoDB DEFAULT CHARSET=utf8 COMMENT='ç”¨æˆ·å’Œè§’è‰²å…³è”è¡¨';

/*Data for the table `sys_user_role` */

insert  into `sys_user_role`(`user_id`,`role_id`) values (1,1),(2,2);

/*!40101 SET SQL_MODE=@OLD_SQL_MODE */;
/*!40014 SET FOREIGN_KEY_CHECKS=@OLD_FOREIGN_KEY_CHECKS */;
/*!40014 SET UNIQUE_CHECKS=@OLD_UNIQUE_CHECKS */;
/*!40111 SET SQL_NOTES=@OLD_SQL_NOTES */;
